sample,image_name,label,env_split,mean_activation,max_activation,spread_variance,contrast,homogeneity,energy,correlation,num_activation_clusters,avg_cluster_size,cluster_connectivity_normalized,center_of_mass_x,center_of_mass_y,normalized_moment_skewness,normalized_moment_kurtosis,radial_mean_activation_1_5px,radial_mean_activation_6_10px,radial_mean_activation_11_15px,radial_mean_activation_16_20px,radial_mean_activation_21_25px,radial_mean_activation_26_30px,radial_mean_activation_31_35px,radial_mean_activation_36_40px,radial_mean_activation_41_45px,radial_mean_activation_46_50px,radial_mean_activation_51_55px,radial_mean_activation_56_60px,radial_mean_activation_61_65px,radial_mean_activation_66_70px,radial_mean_activation_71_75px,radial_mean_activation_76_80px,radial_mean_activation_81_85px,radial_mean_activation_86_90px,radial_mean_activation_91_95px,radial_mean_activation_96_100px,radial_mean_activation_101_105px,radial_mean_activation_106_110px,radial_mean_activation_111_115px,radial_mean_activation_116_120px,radial_mean_activation_121_125px,radial_mean_activation_126_130px,radial_mean_activation_131_135px,radial_mean_activation_136_140px,radial_mean_activation_141_145px,radial_mean_activation_146_150px,radial_mean_activation_151_155px
RR3_BRN_FLT_F2,brightness_contrast_transform/GLDS-352_SpatialTranscriptomics_NASA-RR3_Sample_158_A1.npy,1,brightness_contrast_transform,0.9768236851264365,1.0,0.1110682599875159,0.32185097177095634,0.43065956523191606,0.033356615011278526,0.54528028024788,4,0.03695255474452554,0.07491556647221376,0.4736362760929669,0.5805920653735079,0.0,0.6158838453587571,0.137241054613936,0.14754686708326298,0.15922985311631602,0.17380466357855065,0.18763388819244992,0.2039221917663105,0.2199275341902256,0.22952445805161314,0.269545654366321,0.32341837256771094,0.3996769402812868,0.4784794826103753,0.5462401397839932,0.7238403684136906,0.8981046232844386,0.9495555700982787,0.9528050482068559,0.9549940448052482,0.9562367918171931,0.9565766428003836,0.9573102882686555,0.958081711703403,0.9634813563778684,0.9811356146436342,0.9658113108401023,0.9497723478171899,0.9364733917737603,0.9237287441769074,0.9129808564688804,0.9084787213888361,0.9084830339321358
RR3_BRN_FLT_F2,brightness_contrast_transform/GLDS-352_SpatialTranscriptomics_NASA-RR3_Sample_158_B1.npy,1,brightness_contrast_transform,0.32885417880122153,1.0,0.6697567886729062,0.36126602330957114,0.6371335493854053,0.3593593155852255,0.8684331300491976,1,0.8165578179024203,0.708013509364446,0.7647486659884639,0.9837289370150555,0.6295453792794552,0.19361713847403905,0.7698328625235406,0.7850658672521533,0.7971020246129417,0.8050953913794456,0.7987987749726273,0.7866629589904528,0.7649481863825136,0.7194897669206395,0.6773240929895787,0.6365286327479143,0.5934713535965541,0.4985358072997794,0.3443383684270501,0.34661982590731555,0.3777255479413263,0.3670579086965057,0.34088909280605384,0.3192829470159325,0.300372761076477,0.28421889084409435,0.2700184427255191,0.25861108549294476,0.23015948463304375,0.19255697985143969,0.15706580839153694,0.127155022067612,0.09945409670634295,0.07492038021008163,0.052293140990745786,0.043332242564111396,0.040219560878243514
RR3_BRN_FLT_F7,brightness_contrast_transform/GLDS-352_SpatialTranscriptomics_NASA-RR3_Sample_158_C1.npy,1,brightness_contrast_transform,0.2230443147392051,1.0,0.40375635396574905,0.8125427692374013,0.4182291526097195,0.24859603329661253,0.4362019320553827,1,0.8980983480599309,0.8268345102855388,0.25276659378087496,0.5884030241460234,0.6477321830303346,0.1949778572740848,0.590042372881356,0.6062742779935822,0.6205637157602224,0.6321052838187956,0.6327060092987828,0.6292125160555623,0.6184556780850093,0.5945266295984515,0.5825036849318612,0.57459917384303,0.5710879302285676,0.5282994180612841,0.4371035338507704,0.45009091985065475,0.4545694814143588,0.4061230853328508,0.343726823627016,0.2882102989217268,0.2367803193189579,0.19086319014247904,0.15766990216499885,0.13071659134925756,0.11292361525470009,0.08415241569175184,0.062407403352819676,0.04846038293934081,0.04089411421415458,0.03493446206495665,0.030711304663400475,0.028934088834541787,0.03053892215568862
RR3_BRN_FLT_F7,brightness_contrast_transform/GLDS-352_SpatialTranscriptomics_NASA-RR3_Sample_158_D1.npy,1,brightness_contrast_transform,0.8503519050685335,1.0,0.6029554800916322,0.2583881587809622,0.7418485961226378,0.031134677623679108,0.9030530935772276,5,0.0,0.0,0.36676935135142563,0.4604124275558785,0.10291320176733648,0.11505208853779214,0.0,0.0,0.0,0.0,0.0,0.0,0.0,0.0,0.038747381758940824,0.09083956721007758,0.16423977421320762,0.25445799947662895,0.35194798617353984,0.5719773184561917,0.7610815351796266,0.8346851650107208,0.8575415132050331,0.8740588547539885,0.8876703697486336,0.8998170502588194,0.9118657184769928,0.9216102554643547,0.9482893579150697,0.9925979580175801,0.9999999999999999,1.0,1.0,1.0,1.0,0.9999999999999999,1.0
RR3_BRN_GC_G7,brightness_contrast_transform/GLDS-352_SpatialTranscriptomics_NASA-RR3_Sample_159_A1.npy,0,brightness_contrast_transform,0.47302751991972786,1.0,0.0068219072802993,0.0,0.7170563448282328,0.036629561549992015,0.8082597525906294,2,0.223780253553592,0.2688056493705866,0.4879102517110996,0.742181504197506,0.712737717878555,0.9101139111741336,0.44821092278719393,0.4151114676574903,0.3829297340214371,0.3534682421292298,0.3229581554769197,0.2961771209894199,0.27568563587902833,0.2647356878977818,0.278296397817486,0.2914492215059323,0.30349863025046003,0.2936921332353051,0.25685308752959635,0.36092490773518116,0.4605208510316966,0.4987662210177425,0.5049463879426295,0.506706526418089,0.5055684203990682,0.5036518082456741,0.502038710472311,0.5003504565157244,0.5034860084343807,0.5238106231567039,0.530247629890745,0.5354593272285033,0.5420673807584288,0.5488730422537518,0.5540396479767737,0.5559995177651861,0.553493013972056
RR3_BRN_GC_G7,brightness_contrast_transform/GLDS-352_SpatialTranscriptomics_NASA-RR3_Sample_159_B1.npy,0,brightness_contrast_transform,0.3068065115301796,1.0,0.7699892204254181,0.6769851661467007,0.5082262964644328,0.25777599535258233,0.7429490542765507,2,0.4125048021513638,0.8708934602394842,0.6974588279923548,0.3301062832472912,0.6740845087985164,0.1378915079540421,0.9463276836158192,0.9292982604289816,0.911949186184994,0.8938132998351259,0.8651359113918025,0.8351408254876257,0.805813042718764,0.7836013361715362,0.7752217423909391,0.7738085620883353,0.7791833570993261,0.7328253311567747,0.6198103293280491,0.5813221575441957,0.5479838024579486,0.4589927282106162,0.3673400123188315,0.2926707529954234,0.22938948588406002,0.1767364312275291,0.14163936193560062,0.11656921516185556,0.0917385544240046,0.06467047205693079,0.04444274151759975,0.029811041712204854,0.019301146518498707,0.010192970534537386,0.003130103429504627,3.4445343850644985e-05,0.0
RR3_BRN_FLT_F1,brightness_contrast_transform/GLDS-352_SpatialTranscriptomics_NASA-RR3_Sample_159_C1.npy,1,brightness_contrast_transform,0.5701140832780056,1.0,0.2441237533866083,0.26017166965714555,0.4812822716043159,0.022852565252519788,0.7283745464185358,2,0.24851133307721857,0.340804421246546,0.4516231287421675,0.7971172352487939,0.37613588298848194,0.2717865609063079,0.5769774011299436,0.582228508697855,0.5865555114463412,0.5898955798068618,0.5846094035132263,0.5775036745719621,0.5695891537954392,0.5713044830378065,0.6017532517907476,0.6522600832619736,0.732452117934548,0.7948447955737767,0.8179136226085412,0.8529949751987863,0.862136829586,0.7679071181925619,0.6596231443188817,0.5713659447368491,0.4964713024561759,0.4355825953402228,0.3995006218163197,0.3741639767591995,0.3599215218292695,0.3636465950606881,0.34941139549989414,0.3340743462266476,0.31960874904254155,0.3082616277641781,0.29696289239702417,0.2920276251657682,0.2857285429141717
RR3_BRN_FLT_F1,brightness_contrast_transform/GLDS-352_SpatialTranscriptomics_NASA-RR3_Sample_159_D1.npy,1,brightness_contrast_transform,1.0,1.0,0.2678196774547459,0.21597724003038987,0.588453523596612,0.019085203682916968,0.7836547129686551,3,0.13458829555640928,0.32975130488179305,0.44063749553467835,0.58485938921359,0.07909284372748299,0.4009786243744815,0.05373116760828625,0.06544502617801047,0.07880111155220326,0.09532268195022373,0.11207731001761376,0.13164236814576463,0.15244304446560691,0.17060315383666752,0.2222750898606191,0.2902105246150614,0.38421622517144066,0.4869842614861244,0.5824016510718039,0.7718342138391848,0.9515678390062486,1.0,1.0,1.0,1.0,1.0,0.9999999999999999,1.0,1.0,1.0,0.974474342974332,0.9522837304263305,0.9363092560395873,0.9216410273204358,0.9099641625839232,0.9062397740385443,0.9083832335329342
RR3_BRN_GC_G9,brightness_contrast_transform/GLDS-352_SpatialTranscriptomics_NASA-RR3_Sample_304_A1.npy,0,brightness_contrast_transform,0.8298232756187103,1.0,0.2708601101492538,0.4000452613032024,0.13308637719439353,0.011656200157197497,0.6334102231307952,3,0.13762965808682293,0.3619895609456556,0.6408075332594507,0.7176275614103698,0.18353249545689138,0.308965390762385,0.05973399246704331,0.06814727242019929,0.07747783511975652,0.08927730234749154,0.10107269236262079,0.1152359008991115,0.13150346832860935,0.14884479070041767,0.20072405678673944,0.26778472525164393,0.3592116396168252,0.4574636444067839,0.5461008622545233,0.7130644831556182,0.8519520114779785,0.8696274795877907,0.8485600794438929,0.8324596406812427,0.8216104842214674,0.8156930222434853,0.8167894256573349,0.8215844323526699,0.8219395030390064,0.8600682199892649,0.8725797152219764,0.880165193167179,0.8882114068256151,0.8961545074216287,0.9019801306477953,0.9048102922687424,0.8991017964071857
RR3_BRN_GC_G9,brightness_contrast_transform/GLDS-352_SpatialTranscriptomics_NASA-RR3_Sample_304_B1.npy,0,brightness_contrast_transform,0.3860882435548986,0.0,0.0433522706529792,0.4777707730522821,0.2834973238445524,0.017004072223539723,0.2607787477834336,4,0.06072320399538993,0.2350322382560639,0.3840102065591666,0.6379195379225464,0.5239161723687712,0.6603126827818685,0.5811558380414313,0.5317725046444858,0.48385602752414986,0.4386923922430713,0.3921595074501341,0.34994504694182926,0.31457825011410834,0.28699270253025416,0.28080473740011896,0.27081145417629343,0.2516611541397204,0.2035290159378933,0.12439382620696637,0.23131301176040198,0.3422061127786903,0.404206012218454,0.4318190388797406,0.45071449132601465,0.4632171511487526,0.4697578533897035,0.46974661466254436,0.466747210181684,0.4543643369302495,0.4464571201006562,0.41927032017457433,0.3967240409076323,0.3749589660664568,0.35221011437413524,0.3306115042641989,0.31710383548903776,0.3102794411177645
RR3_BRN_GC_G8,brightness_contrast_transform/GLDS-352_SpatialTranscriptomics_NASA-RR3_Sample_304_C1.npy,0,brightness_contrast_transform,0.5377860211357444,1.0,0.018113166285427695,0.44565680078021874,0.17217218543431745,0.003917652201904265,0.25045316399518924,3,0.18059290562171854,0.5472827755603316,0.5062622480662351,0.4096201230824519,0.37471646604494213,0.33564781653576553,0.0211864406779661,0.03320807296064854,0.045031096996162506,0.058746172568108664,0.07143877243371047,0.08519710271587284,0.09980108529665338,0.11464158753478493,0.16489358951152028,0.23040300734062552,0.3202314669632978,0.4181734351829931,0.5073943706554908,0.6623591818289417,0.7677361197636442,0.7578251613921492,0.7131063567684438,0.6741491730069906,0.6407742208465655,0.6136926896075923,0.5963834546805635,0.5829567462879276,0.5729351442643178,0.5589364145836099,0.522642845152862,0.47444668195199535,0.4166798380527424,0.360192561178291,0.3116154055525313,0.2892203296419406,0.29141716566866266
RR3_BRN_GC_G8,brightness_contrast_transform/GLDS-352_SpatialTranscriptomics_NASA-RR3_Sample_304_D1.npy,0,brightness_contrast_transform,0.10304014819462842,0.0,0.3406816394609763,0.5398919116973527,0.5340845197291639,0.5397082806701735,0.5801811192523019,1,0.9105839416058396,0.8477126189745163,0.06733949762383795,0.942997593489943,0.7599437927793833,0.3909995280844458,0.7638300376647835,0.672859314305016,0.583750165409554,0.500058883567559,0.4174931369904315,0.3426753532223679,0.28137132810783094,0.2449665689023769,0.23507537948333385,0.21895313955805445,0.18743380530030945,0.12246258520355391,0.02265792172602843,0.11643120756625314,0.19648958864284227,0.23542273771899092,0.24385315450077308,0.24464626671349837,0.24144845618045221,0.23460891669524186,0.2222637194241557,0.2111887853914968,0.18589011033464467,0.14784172039038918,0.12474547325553391,0.10547341887536567,0.08858466364332698,0.07275897922926407,0.059642079477408814,0.054027521829736656,0.05668662674650699
RR3_BRN_FLT_F2,gaussian_blur_transform/GLDS-352_SpatialTranscriptomics_NASA-RR3_Sample_158_A1.npy,1,gaussian_blur_transform,0.04469387332132213,1.0,0.7455005728719301,0.47008712800866426,0.86200654234617,0.988067222635915,0.8374453845822245,1,0.8150211294660008,0.7078599938593797,0.6156118868037226,0.18602877020456288,0.9519019027490484,0.7717669694221183,0.8947740112994351,0.8624598885323426,0.8282784173613869,0.7925433775614352,0.7462193941509703,0.6982282604377708,0.6517640296850612,0.6126228532516902,0.5840862661943058,0.5493189859919538,0.5016419243945589,0.39498934566162824,0.22537003507261422,0.19272856389674942,0.16055483188914688,0.12030596178942221,0.08246703455557927,0.05228687401131883,0.028627406792484066,0.011749028271997603,0.0043315378306888475,0.0005053951858341784,0.0007524195750447506,0.001313032788304485,0.000470737634926543,5.115779388989913e-05,0.0,0.0,0.0,0.0,0.0
RR3_BRN_FLT_F2,gaussian_blur_transform/GLDS-352_SpatialTranscriptomics_NASA-RR3_Sample_158_B1.npy,1,gaussian_blur_transform,0.0,1.0,0.5570945508846622,0.43664764614282103,0.9999999999999998,0.9999999999999999,0.7828299716693436,1,0.7610449481367654,0.619742093951489,0.7876165331158869,0.8692630244081794,0.9999999999999999,0.9999999999999999,0.8236228813559323,0.8053327140685695,0.7851793039565966,0.762542199890084,0.7289785620209779,0.6926667461168713,0.6509976727543206,0.5908805756475768,0.5320783015696517,0.46162463175695684,0.36828216248838824,0.2139528218420167,0.0013927752946987226,0.0,0.018019293575730067,0.03603173564408646,0.03947368421052633,0.03838261664127017,0.03438784168807187,0.029736006192776877,0.023332550447977263,0.01722217098588951,0.013035871400976931,0.0075925038813826375,0.0024960042037965534,0.0003162481804102855,0.0,0.0,0.0,0.0,0.0
RR3_BRN_FLT_F7,gaussian_blur_transform/GLDS-352_SpatialTranscriptomics_NASA-RR3_Sample_158_C1.npy,1,gaussian_blur_transform,0.25198661274219386,1.0,0.8348829554929781,0.3262855018346993,0.8497784542589619,0.7711619322707413,0.9321378191259555,1,0.9969266231271611,0.9927847712618976,0.33393985805958626,0.7723875012091561,0.6461269116865933,0.033093189660967415,0.8923022598870057,0.8997002195575072,0.9066031493979092,0.9120868336342938,0.9053539408749742,0.8961254783564402,0.882865724122775,0.8565813954735313,0.8283881978743761,0.7961643481492253,0.7558354880509324,0.6465625739884608,0.4602869117107079,0.39312344656172327,0.36048970191236707,0.3050571464867132,0.24924892838736443,0.2044625667813691,0.16619257099362328,0.13500910642089936,0.11371730651501794,0.0977201881398137,0.08738382500176979,0.06543809122547803,0.04897495967712506,0.03545235116570009,0.024006370898126426,0.013238581007507593,0.004298221738341499,8.611335962661246e-05,0.0
RR3_BRN_FLT_F7,gaussian_blur_transform/GLDS-352_SpatialTranscriptomics_NASA-RR3_Sample_158_D1.npy,1,gaussian_blur_transform,0.28908172359157575,1.0,0.9824647349743666,0.41661413122545,0.6890102005664545,0.549217201624612,0.9255120441473537,1,0.939684978870534,0.9015965612526866,0.7485829363807341,0.5703664564635778,0.6895782038886935,0.11202385479797972,1.0,1.0,1.0,0.9989499097118629,0.9854488328916677,0.9702392775328064,0.9536241357353366,0.9342101735628918,0.9170075767370898,0.9014643551505555,0.8853019661674821,0.7990566860646238,0.6269957836893351,0.5336349648694306,0.4684969134054483,0.36829746199537283,0.27782107525800415,0.20944591600402473,0.1557295056144119,0.11558891952880689,0.0914705282166,0.07703956469611731,0.05330852236526734,0.023692305916439168,0.007013625847510199,0.0003627552657647393,0.0,0.0,0.0,0.0,0.0
RR3_BRN_GC_G7,gaussian_blur_transform/GLDS-352_SpatialTranscriptomics_NASA-RR3_Sample_159_A1.npy,0,gaussian_blur_transform,0.14574508608595665,1.0,0.6954813762595243,0.3826358243214847,0.795781010074599,0.6878301530669834,0.865682730636081,1,0.8468113714944295,0.7560638624501075,0.7736218901870537,0.004029279406913,0.8156242207232796,0.44687814021788075,0.7519420903954803,0.7199797331531835,0.6876008998279741,0.654883410536233,0.6148145797299227,0.5748156093168607,0.5379882003572576,0.5048980445354767,0.4858110728970029,0.46479677292531735,0.4364619635640706,0.363724158556493,0.2413173121969131,0.26548058403899333,0.28625568707405935,0.27105412074480983,0.24116626651414777,0.21393277892362828,0.18893536585085416,0.16634669283949907,0.14861410040697204,0.13440929632020657,0.12124675114531608,0.09284151838534481,0.0670563936388384,0.04744187777007827,0.03183017422704228,0.017659628468270797,0.005477681001633098,6.889068770128997e-05,0.0
RR3_BRN_GC_G7,gaussian_blur_transform/GLDS-352_SpatialTranscriptomics_NASA-RR3_Sample_159_B1.npy,0,gaussian_blur_transform,0.22694428622374568,1.0,0.7080574193119019,0.5487178658217889,0.5238015326626686,0.5702353590358985,0.7832924718263712,1,0.9078947368421054,0.855081363217685,0.753297872001141,0.28931934029888673,0.6994603657253521,0.19911596728720904,0.9252000941619586,0.9095169734842088,0.8941114198756122,0.8782385962157493,0.8523461178374776,0.8261099855665462,0.7993328186720612,0.7670010670069649,0.7373225414393214,0.7029120148212775,0.6577815382612759,0.5488853443656618,0.36976917914888763,0.3354996287887755,0.3306101451737743,0.2989556186025384,0.25848805199049685,0.2234241181426131,0.19097278913128962,0.1607637484369193,0.13587360380097258,0.11563958314119707,0.09182350502118708,0.055078118236438246,0.029630927097701775,0.01544500304621409,0.009276708531410717,0.004961397705967595,0.0013722554890219561,1.7222671925322493e-05,0.0
RR3_BRN_FLT_F1,gaussian_blur_transform/GLDS-352_SpatialTranscriptomics_NASA-RR3_Sample_159_C1.npy,1,gaussian_blur_transform,0.010541071909699662,0.0,0.46455112501283524,0.2397609772130892,0.8513202636605992,0.9273609766927523,0.8656751314408666,1,0.8446984248943528,0.7528400368437211,0.5210575268394493,0.08344726101599265,0.9165339384795057,0.7146743992454354,0.7238700564971752,0.7042729268704611,0.6818446473468307,0.6559040590405903,0.6200510957012966,0.5803771236377601,0.5383262990031725,0.4874023474153231,0.4455328282175273,0.39867728714609624,0.3397038027560663,0.234351829929345,0.08261689816280271,0.11050796759164605,0.1306611164599497,0.1285940308964434,0.11053951453747815,0.09110259572546421,0.07197439193493121,0.05384800182333749,0.039493999376258554,0.02831504196255648,0.021205287163357973,0.010830356163751059,0.004076077040410454,0.000692955571781361,0.0,0.0,0.0,0.0,0.0
RR3_BRN_FLT_F1,gaussian_blur_transform/GLDS-352_SpatialTranscriptomics_NASA-RR3_Sample_159_D1.npy,1,gaussian_blur_transform,0.027661961020296,1.0,0.5857366005104171,0.28988248225918567,0.8408784109548042,0.9605813568216411,0.8801289562436523,1,0.8064733000384173,0.6906662572919864,0.5191462528451838,0.3844644005181641,0.9479074651553799,0.8105961028112122,0.9808145009416197,0.9526473568653944,0.9238322085483659,0.8940193923215828,0.8537187197511862,0.8124445503780506,0.7711635664899162,0.723730985560554,0.6725763492022445,0.6040263034591957,0.5055825429415002,0.3284776134282047,0.07585560718672058,0.020029266508139743,0.0,0.0,0.0,0.0,0.0,0.0,0.0,0.0,0.0,0.0,0.0,0.0,0.0,0.0,0.0,0.0,0.0
RR3_BRN_GC_G9,gaussian_blur_transform/GLDS-352_SpatialTranscriptomics_NASA-RR3_Sample_304_A1.npy,0,gaussian_blur_transform,0.7389170271597243,1.0,0.3026930119936152,0.7650399538765772,0.03214567640590782,0.0,0.3639775043343434,2,0.31780637725701116,0.5598710469757444,0.44627364543087733,0.6825843542319519,0.29525228896231304,0.09973408606004885,0.9285546139359699,0.9108892079040704,0.8932248246658727,0.875019627855853,0.8464113997365874,0.8172777711569275,0.7913029758315818,0.787858640343587,0.8128933826381526,0.862466945642749,0.9454999437899756,1.0,0.9999999999999999,0.9999999999999999,0.9999999999999999,0.8871159598261544,0.7638524002866015,0.6658937677764546,0.5847657768078682,0.5190557247253187,0.4779592103895304,0.44975006916904914,0.41846461908759014,0.40080398007653106,0.3768966347732796,0.3479753140390939,0.3132925628275116,0.2781493822814243,0.2478565596080566,0.23179994144291544,0.2307385229540918
RR3_BRN_GC_G9,gaussian_blur_transform/GLDS-352_SpatialTranscriptomics_NASA-RR3_Sample_304_B1.npy,0,gaussian_blur_transform,0.6744359978016652,1.0,0.19154511981099065,0.6691344853412647,0.19630405087883251,0.0005802144697362593,0.3043112963089243,3,0.18504289921885003,0.5822843107153823,0.5130202885160784,0.6706683364907271,0.37248329068658687,0.09375625818440181,0.9692796610169493,0.9445195068400608,0.919333068678047,0.8929889298892989,0.8561941636649266,0.8184761450760737,0.7833801975623088,0.7635748486619518,0.7646194822993975,0.7813053710974316,0.8180806939275425,0.8184027215292402,0.7645006900568506,0.7699458784794327,0.7930707368182591,0.7313595435980151,0.654161376692268,0.5925537618080553,0.5397768952520678,0.49595395662181563,0.46811025592650635,0.447667619662455,0.43112832596757716,0.4249926412448128,0.4005940781935352,0.376149306346822,0.3503142895354351,0.32430839262176303,0.302905552531301,0.29278542273048236,0.29341317365269465
RR3_BRN_GC_G8,gaussian_blur_transform/GLDS-352_SpatialTranscriptomics_NASA-RR3_Sample_304_C1.npy,0,gaussian_blur_transform,0.5155543255236232,1.0,0.10493435353757297,0.820032437267295,0.06677930807271415,0.0027514392075880384,0.0,2,0.383739915482136,0.7551427694197115,0.6173747855049447,0.4220390945695931,0.522486442560413,0.2343589569478463,0.30308380414312613,0.29190592805269383,0.28038904327113934,0.2697161812043652,0.2557482663958489,0.2425747162965612,0.2308030406338223,0.23193728787204498,0.27501745494039465,0.3400276821826916,0.4362312066221326,0.5384677690687734,0.6263816964003087,0.7547531176362993,0.8292225934945537,0.7828202532230308,0.7062461503651654,0.6413097731216049,0.585200396446697,0.5388229206663395,0.5082491731575564,0.48469611731070733,0.46700377221104156,0.4397447810553897,0.3945109802290193,0.3466126564382083,0.29525586937227205,0.24572836756916075,0.2026288332426057,0.18157863010867503,0.17994011976047905
RR3_BRN_GC_G8,gaussian_blur_transform/GLDS-352_SpatialTranscriptomics_NASA-RR3_Sample_304_D1.npy,0,gaussian_blur_transform,0.5654211819121937,1.0,0.3142411599838807,0.9467694744839404,0.2550119765466452,0.008304072008257599,0.23623708073387206,2,0.36510756819054935,0.6980350015351551,0.5961906398147947,0.5450294416132244,0.5476953553325665,0.2518391105830954,0.9752824858757063,0.9230070933963858,0.8714304618234749,0.8212098610347806,0.7641980989860202,0.7097088150001987,0.6608194384181492,0.6439896409173043,0.6625533345400947,0.7001707247453939,0.760131117277778,0.7918229510648109,0.7760354018156722,0.7971357557107351,0.8048224500198221,0.7222245747215816,0.6270882304878509,0.5505320062007971,0.48484005307418654,0.43006330348507965,0.3961720756344259,0.3700046112699437,0.35336616741335547,0.34290356279182516,0.3020529999489122,0.2557006059873222,0.20306021957713774,0.1512243845328836,0.10711531482489568,0.08611335962661246,0.08532934131736528
RR3_BRN_FLT_F2,horizontal_flip_transform/GLDS-352_SpatialTranscriptomics_NASA-RR3_Sample_158_A1.npy,1,horizontal_flip_transform,0.09714355854352469,1.0,0.5206969186619748,0.39386493811594436,0.6547210664105958,0.6137153092760681,0.7919633929952852,1,0.7912024587014983,0.6634940128953024,0.6120071027375584,0.16502524312416988,0.874987764767454,0.7214531412286184,0.9487994350282487,0.8992146596858639,0.846486701071854,0.7907768705346627,0.7239721353877402,0.6545769938690925,0.5862912269036363,0.5285223293995271,0.4917483385482662,0.45905029647940804,0.4244448520492992,0.3487333175491283,0.22540801985337877,0.249583059856465,0.2592125880198599,0.22892855630536124,0.18677171194046735,0.15041158186346099,0.11983314285188668,0.09494085446358357,0.07779634456709648,0.06626579359955731,0.0559966019761127,0.027824751966663393,0.009396507053766266,0.001004553043656201,0.0,0.0,0.0,0.0,0.0
RR3_BRN_FLT_F2,horizontal_flip_transform/GLDS-352_SpatialTranscriptomics_NASA-RR3_Sample_158_B1.npy,1,horizontal_flip_transform,0.08027173303240837,1.0,0.4625485429091051,0.2303961980505309,0.7861687807638094,0.7645739147087416,0.8709731051069411,1,0.8519976949673455,0.7622044826527479,0.2785705962018512,0.8899284836730788,0.8251670956292034,0.5504788177805209,0.9792843691148777,0.932760513426786,0.8832605531295488,0.8310630446729999,0.767435217950142,0.7013135767157934,0.6318781943278318,0.5580392808694765,0.4956375578598951,0.4266018235772489,0.3398635575620234,0.20070032025321183,0.013737829043163341,0.04621310752213814,0.09460365105435053,0.12941013431060433,0.13968674971402714,0.1402732259197541,0.1334650223173735,0.12190078826493424,0.1067271670202485,0.09079774970026744,0.07975647495474357,0.0567951611134518,0.037586028215065063,0.024569693192757917,0.01600627363250617,0.008694726672834302,0.0026878062057702776,3.4445343850644985e-05,0.0
RR3_BRN_FLT_F7,horizontal_flip_transform/GLDS-352_SpatialTranscriptomics_NASA-RR3_Sample_158_C1.npy,1,horizontal_flip_transform,0.20850839848174835,1.0,0.6528564998671224,0.3556406899115788,0.7972838918703966,0.5308668039079965,0.8658909089974713,1,0.9150019208605457,0.8613754989253914,0.6679025537945611,0.7632297836492468,0.6933094779807016,0.17171381449065337,0.9865819209039549,0.9556873838878568,0.9246129416435094,0.8935581377090367,0.8530363858518861,0.8125306214330169,0.7746741574299996,0.7460308949453895,0.7272788394404075,0.705136283586189,0.6751474773532771,0.5829605353337737,0.42109294875853076,0.3706678574118508,0.342531762662589,0.292326703134684,0.2406037484444333,0.1973876369628771,0.15912827718154912,0.12673427525414818,0.10389530384294036,0.08535276215069629,0.0639718449449338,0.03915723495495287,0.021358351761434545,0.0112640160728487,0.006443847341609017,0.003201165846589653,0.0007031391761930685,0.0,0.0
RR3_BRN_FLT_F7,horizontal_flip_transform/GLDS-352_SpatialTranscriptomics_NASA-RR3_Sample_158_D1.npy,1,horizontal_flip_transform,0.29477195136506157,1.0,0.6665152054744702,0.2423527256464556,0.5122672952224632,0.37789299604924453,0.9310454210497028,1,0.9022281982328084,0.8424930918022719,0.4069415424839833,0.538365575086494,0.6365791050208852,0.12354589417431594,0.996410075329567,0.9880932274953556,0.979330422125182,0.9676631074821386,0.9433583522429745,0.9162992094704645,0.8866524289570221,0.8582006723752433,0.8376509529104497,0.8205182061514764,0.8048328787224348,0.7276352353300353,0.576634295192393,0.512927834385995,0.4701723584602896,0.38998194563673383,0.3119964049124483,0.2496375385899261,0.19701147257872018,0.154252708826555,0.12641160005082336,0.10555750253619844,0.0902660774061751,0.05257325568644199,0.02495639290901262,0.010836150887587725,0.006516796556797043,0.0036760190923753305,0.0013042097622935945,5.166801577596748e-05,0.0
RR3_BRN_GC_G7,horizontal_flip_transform/GLDS-352_SpatialTranscriptomics_NASA-RR3_Sample_159_A1.npy,0,horizontal_flip_transform,0.282488684937048,1.0,0.530586265122361,0.10147691942949211,0.7936075656036483,0.4641444552923887,0.9749472270871138,1,0.8622742988859009,0.7807798587657353,0.3899282251561027,0.003040945365911929,0.5443863536906219,0.0,0.7741290018832392,0.749788887012329,0.7241630276564774,0.6976132527282719,0.6620304987384757,0.625392285385135,0.5893622896040303,0.5522752985206671,0.5271391999172508,0.5000942486764792,0.4664603660160111,0.38709516629490703,0.25771407589359197,0.292019496659099,0.34039851994487547,0.3472058081926004,0.3345945470315387,0.3210972347297451,0.30797975454338494,0.2938530118948131,0.2793649388001833,0.26661440560730426,0.24967991828561603,0.20213201895384472,0.1709872353469227,0.14441845215118523,0.1198190859463337,0.0949952105319175,0.07470286699328617,0.06460224239188467,0.06786427145708583
RR3_BRN_GC_G7,horizontal_flip_transform/GLDS-352_SpatialTranscriptomics_NASA-RR3_Sample_159_B1.npy,0,horizontal_flip_transform,0.36536736702255007,1.0,0.6754147704867149,0.32259993857394564,0.5365602002190883,0.3288425773568553,0.8905138644042836,1,0.9512101421436804,0.919864906355542,0.38675525469875804,0.27366470265237863,0.5514137541982809,0.012764383662199341,0.9582744821092279,0.9434428306029388,0.9288077279343656,0.9143145952736123,0.8897951411479079,0.8652325904739206,0.8403160095343819,0.8139440116244778,0.7944040754053425,0.7765713947188426,0.7568827695566509,0.6769554760806988,0.5254498031122196,0.4956530627615964,0.49579486889052493,0.44876448872275965,0.39306814325041173,0.34759058894367256,0.3074623502114459,0.2713980358055846,0.241651682754319,0.21780319099880105,0.19133908435392036,0.11758713631877549,0.06711477970208511,0.03835439329181801,0.024918236087976754,0.01381167975242134,0.0046044275086191255,0.00013778137540257994,0.0
RR3_BRN_FLT_F1,horizontal_flip_transform/GLDS-352_SpatialTranscriptomics_NASA-RR3_Sample_159_C1.npy,1,horizontal_flip_transform,0.15068848039758703,1.0,0.6080269829763795,0.14673283438134804,0.8794235215350528,0.8031345719845688,0.9686531967265637,1,0.9822320399538994,0.9673011974209393,0.46715469967409473,0.0,0.7198661086644149,0.18239333673316882,0.6854402071563089,0.6666103698699544,0.644792907238322,0.6196219674962707,0.5837525190815469,0.5442670056542064,0.5037444425035079,0.4645608917819016,0.44296759845879347,0.42389284733330096,0.40468259086794195,0.34983613502972,0.2535484116030843,0.29292331529282645,0.31897170149704546,0.3010112753155664,0.26748834110592934,0.23621656309997596,0.20789536014790863,0.18274235707436465,0.16372250436041474,0.14808078944941433,0.13371021733194444,0.09692202028130646,0.06939183616870653,0.04870221978318397,0.032650852897907576,0.018191791588547848,0.00590863727091272,0.00015500404732790243,0.0
RR3_BRN_FLT_F1,horizontal_flip_transform/GLDS-352_SpatialTranscriptomics_NASA-RR3_Sample_159_D1.npy,1,horizontal_flip_transform,0.15395007007370426,1.0,0.6287942528054641,0.09975267930750209,0.8404605826997436,0.6965225200802286,1.0,1,0.9056857472147523,0.8475591034694503,0.529788770140543,0.3893990199888131,0.7577205778305802,0.30901842381792605,0.9825800376647835,0.9556240499915555,0.9275903136165145,0.8981804977624244,0.8580428124851236,0.8164369231584105,0.775378529608989,0.7373339839037443,0.7050813270926535,0.6659557623640799,0.6122455017188435,0.48974442049122113,0.29329948467314104,0.24393419339566813,0.2182184591568972,0.18224898083311836,0.14955124256784783,0.12514623898421018,0.1074407342082449,0.09466160457805547,0.08672701301001452,0.08222447662086137,0.06678937308481912,0.03159358893704946,0.014851954838380078,0.006766780919073022,0.004407348417609942,0.002464324603129119,0.0008505715841045182,1.7222671925322493e-05,0.0
RR3_BRN_GC_G9,horizontal_flip_transform/GLDS-352_SpatialTranscriptomics_NASA-RR3_Sample_304_A1.npy,0,horizontal_flip_transform,0.5640363239784998,1.0,0.3116642876388287,0.247520057762044,0.28581621949297964,0.006860710173758791,0.7833489409322283,2,0.3855647330003842,0.7640466687135399,0.15585976131511758,0.712154615635558,0.508045449006995,0.11908024877368406,0.1902660075329567,0.16462590778584696,0.14084954346963083,0.12141791630682261,0.10399244672241706,0.09169215694063747,0.08605174036277988,0.08678144587486525,0.11632489462387835,0.14682328103878195,0.17827452975877028,0.2015476828371694,0.2112080426442472,0.37059253919237345,0.5109824243453965,0.5739863187191795,0.5977398715321861,0.6150488167516592,0.629566093229362,0.6414616267537817,0.6509107780211995,0.6590740569952964,0.6694531810964695,0.706483784766511,0.7167874528350082,0.7144464959236541,0.7063125387542707,0.6971009390632292,0.6914353111957903,0.6899057919845685,0.6961077844311377
RR3_BRN_GC_G9,horizontal_flip_transform/GLDS-352_SpatialTranscriptomics_NASA-RR3_Sample_304_B1.npy,0,horizontal_flip_transform,0.5029928725644832,1.0,0.19070193326806428,0.21713032561197065,0.3500416468775909,0.013454799871795237,0.7257525860234182,2,0.3014790626200538,0.5073687442431685,0.17640625249614672,0.5999371370332172,0.5989996135362705,0.32158882465242483,0.16154661016949154,0.14138236784326969,0.11947862908561599,0.09841406924707544,0.07581840397340484,0.054204902077622866,0.03260397942106241,0.0018659217278005902,0.0,0.0,0.0,0.0,0.0,0.20714124318101124,0.3913934039380038,0.49996727887254533,0.5558495594132213,0.5960053979681035,0.6269698732704323,0.6499417887187153,0.663427959787928,0.6722124873190076,0.6883465984365045,0.7154095219406336,0.7099635816930498,0.6980713511703508,0.6836435701345914,0.6680612069459567,0.6558927599346761,0.6495702943354632,0.6522954091816368
RR3_BRN_GC_G8,horizontal_flip_transform/GLDS-352_SpatialTranscriptomics_NASA-RR3_Sample_304_C1.npy,0,horizontal_flip_transform,0.5653320264343311,1.0,0.2634567714997881,0.20739914542348958,0.3364252471781921,0.006055013999098566,0.7854006841616865,1,0.764406454091433,0.6040835124347559,0.14788629316312374,0.4339767398545413,0.5310142727441393,0.24022257980256484,0.0439030131826742,0.05051933794967066,0.05723170570332144,0.06617531600847923,0.07472349608848125,0.08501171890517618,0.09578334638769773,0.10236832651485495,0.14076181117633374,0.18874509233677478,0.2515960688484045,0.315854403170133,0.36975651755529937,0.5346463809595542,0.6618102357893941,0.6873515519438274,0.6747074277525674,0.662560971422988,0.6521410191255638,0.6437141056098428,0.6387824720952707,0.6356986073964769,0.6372852216300402,0.6357214177291169,0.6178157773739408,0.594309393036029,0.567563131466644,0.5387455687186331,0.5166825440029033,0.5058298744467217,0.512874251497006
RR3_BRN_GC_G8,horizontal_flip_transform/GLDS-352_SpatialTranscriptomics_NASA-RR3_Sample_304_D1.npy,0,horizontal_flip_transform,0.5899457277195279,1.0,0.20778473910574458,0.5562991341081637,0.008855960261322071,0.0027741051189772437,0.429614886703348,2,0.34556281213983864,0.6366287995087505,0.26653204299529887,0.42940295987144417,0.5102594608877725,0.18004686860989616,0.2158662900188324,0.1823805100489782,0.15003308191081116,0.12049540708173037,0.09251971627604375,0.06859200995775898,0.050962735894242744,0.05174715688219489,0.0963305836414885,0.1549394384933137,0.23349644101793393,0.32098219292452246,0.40420871370870726,0.5838991166248831,0.7162126446546225,0.7371531079296765,0.7183512878206982,0.700359952569713,0.6849490529201151,0.6726226286859445,0.6650931954428372,0.6594411140828184,0.6633367380993316,0.6536652372404956,0.626945898014144,0.5898540142590724,0.5454899147710003,0.5008883030546163,0.4634254218835058,0.44568830408349547,0.44850299401197613
RR3_BRN_FLT_F2,original_resized/GLDS-352_SpatialTranscriptomics_NASA-RR3_Sample_158_A1.npy,1,original_resized,0.07806625163213493,1.0,0.6761081816630464,0.5003852599022574,0.7033650990992697,0.7532322385088972,0.7966550267540242,1,0.8222243565117173,0.7182990482038687,0.4438629240388534,0.14302276436943995,0.9153927227864093,0.7166373968056914,0.8153248587570623,0.7878314473906435,0.7580521370914384,0.7257694119494386,0.6835081483362162,0.6381109389690013,0.5937857468880838,0.557036616032986,0.5361019885702465,0.5148401273164978,0.48898579365595923,0.41482136849057305,0.2856012357715342,0.27745080106306286,0.25286005550206714,0.201754622340446,0.150396590951944,0.10930885409376727,0.07671151604068407,0.052110903270714284,0.03997720648537095,0.033230655722585996,0.032974990139662826,0.026093280157910227,0.016176588648289653,0.010171099567019035,0.006632299480844753,0.0036514577175933128,0.0010320268553801488,1.7222671925322493e-05,0.0
RR3_BRN_FLT_F2,original_resized/GLDS-352_SpatialTranscriptomics_NASA-RR3_Sample_158_B1.npy,1,original_resized,0.10652793192881,1.0,0.6531665644780288,0.4609648201132608,0.7598994272556203,0.838643030337273,0.808969050252017,1,0.8640030733768729,0.7843107153822537,0.6938907874315374,0.8733873128507172,0.8469112558641513,0.5415965886443992,0.9811676082862525,0.9701697348420875,0.954955670239513,0.9334321268744602,0.8958171345149877,0.8511235583098293,0.797552165803576,0.7217202940435274,0.6456259212329654,0.5641779630437476,0.46837150684283096,0.3120786551857344,0.09696248369819838,0.08946728499338263,0.11198580355288734,0.12183423091877077,0.11432001307304565,0.10338270907223084,0.09020772059246246,0.07680603836811295,0.06365050457602908,0.052610901042147,0.04117676803430386,0.038026006706567465,0.035699428546405974,0.03468498425735161,0.03493051587253341,0.03616253080405754,0.03641580475412811,0.03628816974665449,0.033732534930139724
RR3_BRN_FLT_F7,original_resized/GLDS-352_SpatialTranscriptomics_NASA-RR3_Sample_158_C1.npy,1,original_resized,0.2582062346657938,1.0,0.8811849605756313,0.27737096487399604,0.7876744947310075,0.6326693088664148,0.9648423345174706,1,0.9636957356895891,0.9408965305495853,0.29920411452390905,0.7829459495618976,0.6759292200441391,0.1052731814777258,0.993114406779661,0.9768620165512583,0.9601164483260554,0.9423431734317343,0.9131373077960616,0.8822945219083941,0.8500476155592998,0.8158635517927326,0.7881202968632826,0.7602744521459077,0.7281860729310272,0.633334994828596,0.4657947049215613,0.4162622795597112,0.3906335542089068,0.33237351359466605,0.2709765816499692,0.22173659288915415,0.1800544079399719,0.14594913134805826,0.12232262833865311,0.10525684773586645,0.09302494918133918,0.06443383757640118,0.044212846393565854,0.029694773998818723,0.019519994164062787,0.010553204031340314,0.0032094901106877152,3.4445343850644985e-05,0.0
RR3_BRN_FLT_F7,original_resized/GLDS-352_SpatialTranscriptomics_NASA-RR3_Sample_158_D1.npy,1,original_resized,0.2877520741602055,1.0,0.772872618460165,0.4436038773849744,0.6506593736251951,0.4106631886200256,0.8588612963092146,1,0.9286400307337689,0.8817930610991709,0.6582140320445657,0.5318246384790521,0.6715232159921292,0.1370557285841275,0.9754001883239173,0.9764397905759162,0.9773322747121875,0.9765545261835596,0.9632253764737619,0.9474172062659729,0.9287344404185662,0.905047103799939,0.8846939567117478,0.8668777837019803,0.8497062286623789,0.7662400777579783,0.6030147254333428,0.5249410903926232,0.46925204357101047,0.3763815052488537,0.2887508956293289,0.2205323495157938,0.16524744574728134,0.12194596104053436,0.09559030197556628,0.07847274739463247,0.062394190997259326,0.04552327963846869,0.030320612469803457,0.02003990307923412,0.012832982771827013,0.006877184938964984,0.0017805298493921249,0.0,0.0
RR3_BRN_GC_G7,original_resized/GLDS-352_SpatialTranscriptomics_NASA-RR3_Sample_159_A1.npy,0,original_resized,0.27583614974118115,1.0,0.7402715531025622,0.6440144620640235,0.5586845377586644,0.49605782588150793,0.7475850419025392,1,0.978966577026508,0.9571691740865829,0.6198864051422504,0.0861157372240473,0.6270305495124375,0.049683662461451505,0.7722457627118644,0.7549400439115014,0.7361122138414715,0.7156806940409829,0.6852139830844666,0.6528158476674745,0.6201405363371519,0.5932558725596908,0.5840966098626879,0.5792308230871559,0.5777798815447697,0.5339318870017071,0.43754668962635634,0.4501070594691142,0.461974476600404,0.4209861762860365,0.3692789712518698,0.32495820800135217,0.28635455304314233,0.25244394982536617,0.22628338653103497,0.20529927141934887,0.1775305670452362,0.11459746166232837,0.07563914493610376,0.05042763264983421,0.03499738598645576,0.021614009808175662,0.010138813282525859,0.004650121419837073,0.004491017964071857
RR3_BRN_GC_G7,original_resized/GLDS-352_SpatialTranscriptomics_NASA-RR3_Sample_159_B1.npy,0,original_resized,0.29463848615070604,1.0,0.6949294119838675,0.6151603812725969,0.4159114503085115,0.4712840548175179,0.7430283887035785,1,0.9159623511333078,0.8658274485723056,0.6609636669952579,0.24449235086011933,0.6153709151580788,0.08957092200478989,0.9323210922787194,0.9113325451781793,0.8907635305015218,0.8701421056763758,0.8398657547723702,0.8095843430130167,0.7805176290268958,0.7541004702337228,0.7367898425176489,0.7202160718228772,0.7014774361128697,0.6256215030716894,0.48300181060788316,0.456315432703171,0.4500764569292631,0.4012033675814467,0.3442296330748056,0.29637591407617897,0.25355341797301684,0.21516409010736745,0.18528201198969668,0.16135940237941526,0.1344464558408592,0.08352331426790485,0.046865763142337924,0.02581608308025728,0.016219042176804584,0.008981276045291175,0.002755851932498639,3.4445343850644985e-05,0.0
RR3_BRN_FLT_F1,original_resized/GLDS-352_SpatialTranscriptomics_NASA-RR3_Sample_159_C1.npy,1,original_resized,0.1077644951798869,1.0,0.720963836707886,0.5070451373734437,0.776191399557727,0.9266521272021456,0.8100589498717454,1,0.9243180945063388,0.8764200184218607,0.3697602360539094,0.016485492765853094,0.8229417691362635,0.3970639057838966,0.7756591337099812,0.7383043404830265,0.6986237925102554,0.6567774986260501,0.605666545010235,0.5524636184271509,0.5008424291260714,0.4611453971249792,0.44462775723410314,0.4315189116701404,0.41898360442343313,0.37081458958990143,0.2805555907266487,0.31574473579444573,0.32517792754526054,0.2897706056488214,0.24183563159151764,0.19873184721954468,0.1601147947744462,0.12566450179561783,0.10160440161248716,0.08291432260444526,0.06761460745744885,0.03694095103974882,0.0168407301177209,0.0061156817241106685,0.0029118895062553956,0.0015309923614124428,0.0004990019960079841,0.0,0.0
RR3_BRN_FLT_F1,original_resized/GLDS-352_SpatialTranscriptomics_NASA-RR3_Sample_159_D1.npy,1,original_resized,0.043794457137834086,1.0,0.4438633277874481,0.17954189095258888,0.939696217659695,0.90569765119867,0.8975680595533504,1,0.8676527084133693,0.7853853239177158,0.33362510064239137,0.41267465030862893,0.8523382346112944,0.5286155237640675,0.9722810734463277,0.9224370883296741,0.8715230911737462,0.820071445395305,0.7598819403671908,0.6997775394271641,0.6424494119901051,0.5916419575020242,0.550407281942541,0.4996903257772823,0.42852747486820236,0.2949008710388915,0.09851985970954302,0.08641151723173268,0.08622170621660907,0.08195680041267112,0.07183261473483085,0.06285305325871955,0.05565200994336148,0.04975575901556202,0.0450961216372828,0.042204187033108916,0.036352787694299206,0.01765812666293438,0.0058203606799057065,0.0005301807730407728,0.0,0.0,0.0,0.0,0.0
RR3_BRN_GC_G9,original_resized/GLDS-352_SpatialTranscriptomics_NASA-RR3_Sample_304_A1.npy,0,original_resized,0.8248798813070799,1.0,0.4683509265370137,0.8864049054631474,0.0,0.004470652271583747,0.4459150507987033,3,0.2067806377257011,0.6813018114829597,0.6306106931571727,0.7439277892324458,0.20183198960403528,0.14029370625722049,0.08939500941619587,0.07880847829758486,0.07082175466454943,0.06810865981000236,0.06882844856313175,0.07566969901614164,0.09064988194722282,0.11974070122196423,0.18747898942359909,0.27073066959645403,0.37949458312870926,0.4966354720931101,0.6032299725243419,0.7636083882977006,0.8885333484359365,0.8887982107317598,0.8532864882531145,0.8270827996545723,0.8094917249800512,0.8002541995281498,0.8020910739518642,0.8088370377201881,0.8132846552927256,0.874479837010787,0.8946824892898064,0.8922244803995889,0.8757492492309938,0.857789640012117,0.8423040283070223,0.8351790296746637,0.8336327345309382
RR3_BRN_GC_G9,original_resized/GLDS-352_SpatialTranscriptomics_NASA-RR3_Sample_304_B1.npy,0,original_resized,0.7193131847908973,1.0,0.3461653693991371,0.7552495029339027,0.13683557582126293,0.005687878256697185,0.4218956115284982,5,0.06252401075681906,0.4740558796438441,0.6353645858818218,0.6721316180649488,0.25971120481909876,0.0329631544465796,0.14718691148775895,0.13426786015875697,0.12184729389969565,0.11179045301091309,0.10158047572954187,0.09426766773924443,0.09036813307562702,0.08493160967920088,0.10988078922189753,0.14291869301321097,0.18769414646557286,0.23705591346932664,0.28385393585636687,0.47581747167496957,0.6484444318589416,0.7210466141332172,0.7429386698176059,0.7573396784987101,0.7669150973984911,0.7730807216966894,0.7785871871185841,0.7829585907959051,0.7889624902660775,0.851151140174186,0.8639823674088994,0.8587579817785239,0.8416637284343883,0.823428276692074,0.8070790237706406,0.7987186332087559,0.7950099800399203
RR3_BRN_GC_G8,original_resized/GLDS-352_SpatialTranscriptomics_NASA-RR3_Sample_304_C1.npy,0,original_resized,0.5377860211357444,1.0,0.018113166285427695,0.44565680078021874,0.17217218543431745,0.003917652201904265,0.25045316399518924,3,0.18059290562171854,0.5472827755603316,0.5062622480662351,0.4096201230824519,0.37471646604494213,0.33564781653576553,0.0211864406779661,0.03320807296064854,0.045031096996162506,0.058746172568108664,0.07143877243371047,0.08519710271587284,0.09980108529665338,0.11464158753478493,0.16489358951152028,0.23040300734062552,0.3202314669632978,0.4181734351829931,0.5073943706554908,0.6623591818289417,0.7677361197636442,0.7578251613921492,0.7131063567684438,0.6741491730069906,0.6407742208465655,0.6136926896075923,0.5963834546805635,0.5829567462879276,0.5729351442643178,0.5589364145836099,0.522642845152862,0.47444668195199535,0.4166798380527424,0.360192561178291,0.3116154055525313,0.2892203296419406,0.29141716566866266
RR3_BRN_GC_G8,original_resized/GLDS-352_SpatialTranscriptomics_NASA-RR3_Sample_304_D1.npy,0,original_resized,0.5576094468358201,1.0,0.009787843124097362,0.34840426964960225,0.27230880584237016,0.010578772163859315,0.3605470464967766,3,0.18116916378537584,0.5480503530856617,0.5261958765524204,0.4030068510207565,0.3961001733895427,0.32169486363766225,0.0696798493408663,0.06398834656308057,0.059891491332539376,0.0594429614508911,0.06083086053412462,0.06617539956832054,0.07603275048883429,0.09496361988815194,0.15089860619068557,0.2178760118268625,0.30275902466732546,0.39060922877543647,0.4672507881842006,0.6187983516069681,0.7246842611995242,0.7272559292607719,0.6970007416439356,0.6705153158101839,0.6475947597289262,0.6284847203086532,0.6173808249558184,0.6083334870423314,0.6060314923999556,0.6001800730681103,0.5713696640611886,0.5391054827202925,0.5060791012656689,0.47478774878625873,0.44817183814189804,0.4364052839157466,0.4365269461077845
RR3_BRN_FLT_F2,rotate_90_transform/GLDS-352_SpatialTranscriptomics_NASA-RR3_Sample_158_A1.npy,1,rotate_90_transform,0.10783524782364157,1.0,0.5411552705327479,0.7230762599076456,0.415697796165998,0.6839158613687242,0.6018173641250542,1,0.87322320399539,0.7950568007368743,0.1707833177764002,0.5486613970294514,0.815840938469675,0.47118648635047156,0.6570150659133711,0.6635281202499578,0.6685854174937145,0.6716554133626442,0.6644266015011346,0.6542658139011376,0.6392600147636408,0.6096631153386272,0.5863567014041531,0.5603164601274242,0.528072469513458,0.44482797293424214,0.3036060218539104,0.2974854474440225,0.28929036642691275,0.24775667799715906,0.1978492325870803,0.15518894208804185,0.11826023368279207,0.08701303234576065,0.06509435051959203,0.049637554182421835,0.03687867234352404,0.015516873192776299,0.005802115035141111,0.0009859502095144195,1.8237303797006653e-05,0.0,0.0,0.0,0.0
RR3_BRN_FLT_F2,rotate_90_transform/GLDS-352_SpatialTranscriptomics_NASA-RR3_Sample_158_B1.npy,1,rotate_90_transform,0.08093494973346266,0.0,0.5521712611938915,0.9938951123180796,0.548477542866096,0.7726210221817542,0.44720257987387413,1,0.8356703803303881,0.7330365366902056,1.0,0.34596948616151546,0.8644997805666408,0.5948497611775652,0.9729872881355932,0.9158714744131059,0.8575360592827841,0.7981962000471069,0.7300972722512258,0.6619393794939022,0.5947831378935328,0.5317876924231781,0.48324067130407805,0.4285945098799541,0.3578625990331877,0.2368004585726925,0.06715076159485434,0.094857917558829,0.13047705348209393,0.14925453572569686,0.14682978643168706,0.13824238566950386,0.12474273506828587,0.10879041680098724,0.09290474852053919,0.07767776445633126,0.06991029621464183,0.056099686603602615,0.042862668680985844,0.03837299612595979,0.040784690391372544,0.044603456604144325,0.04787016875340229,0.04942906842567556,0.04940119760479042
RR3_BRN_FLT_F7,rotate_90_transform/GLDS-352_SpatialTranscriptomics_NASA-RR3_Sample_158_C1.npy,1,rotate_90_transform,0.3113430781402203,1.0,0.8543402394592238,0.9544423430267962,0.4176953836287318,0.5042283943603937,0.6472360707452935,1,0.9428543987706494,0.9072766349401289,0.8892462072299638,0.7246451033966057,0.6531172987684764,0.10435238476984376,0.8816501883239172,0.8885745651072453,0.8953685324864364,0.9009774672214806,0.894944381853092,0.886902633774282,0.8752246947250977,0.8551497831134085,0.8366062424038685,0.8159727271258463,0.790715287351561,0.699641117023265,0.5323377100241834,0.46401403070831393,0.4284797341941817,0.36605702715083666,0.30455168252611464,0.25571421403313255,0.21400303083959774,0.18007921662193876,0.15838797488093082,0.14148482892188508,0.1248814231247661,0.11107391653151566,0.09196534787146309,0.07575074062533428,0.060967306593393236,0.04845959244492112,0.036790056251134094,0.03213750581265177,0.029840319361277446
RR3_BRN_FLT_F7,rotate_90_transform/GLDS-352_SpatialTranscriptomics_NASA-RR3_Sample_158_D1.npy,1,rotate_90_transform,0.33012772638880655,1.0,0.6431834550785424,0.6585142438398828,0.041795808135491,0.2840857936754797,0.6950635249374955,1,0.930080676142912,0.8880871968068773,0.594597253204467,0.3554259284246508,0.5939093982107502,0.04673970870722055,0.9953507532956687,0.9812320553960481,0.9678576154558689,0.9538058412499019,0.9289023945159398,0.903249513367497,0.8774054309912489,0.8555411977287228,0.843448579038556,0.835409497035206,0.8300386369956629,0.7641465937270246,0.6234505374846478,0.5629283723732771,0.52152592928206,0.43446728079731756,0.34817982979900197,0.27956668365635756,0.22209293501631547,0.17556809898587117,0.14495443222202115,0.12334040394724705,0.10786500945581051,0.07611550071278922,0.05674395521788948,0.04597690458141298,0.04204914345463167,0.039740304397304804,0.03800353837778987,0.03747653410950175,0.037425149700598806
RR3_BRN_GC_G7,rotate_90_transform/GLDS-352_SpatialTranscriptomics_NASA-RR3_Sample_159_A1.npy,0,rotate_90_transform,0.2889387889577278,1.0,0.5590787406812913,0.5468804724417935,0.2763802449113506,0.3498193309017691,0.7171175143050732,1,0.7467345370726086,0.5953331286459933,0.06877323683110492,0.46674818457394607,0.6374571173893295,0.23620323073488242,0.6276483050847458,0.6243033271406858,0.6228397512240307,0.6229488890633588,0.6175756517875561,0.6138124180669766,0.6110231428523129,0.6012503820313884,0.5988570246437901,0.5936535634078166,0.5826435278594633,0.5217697416790241,0.40236012104483476,0.4108339878845264,0.431797587359121,0.40709317052326854,0.3683079205058264,0.33502526006111005,0.3047120587403389,0.2764963995244538,0.2530080123824228,0.23350179839527802,0.21471263437869761,0.16656181642935883,0.12653354644246417,0.09431636909883222,0.06556310715023891,0.037275979794175684,0.01317818907639267,0.0006027935173862873,0.0
RR3_BRN_GC_G7,rotate_90_transform/GLDS-352_SpatialTranscriptomics_NASA-RR3_Sample_159_B1.npy,0,rotate_90_transform,0.38222186170931244,1.0,0.943729574717186,0.7483740954474677,0.4169336290910428,0.3216458748581955,0.7736531979653591,1,0.9494813676527084,0.9180227202947497,0.22478945516424242,0.4359889003551165,0.621982767510312,0.04670130011932905,0.9127824858757063,0.9180881607836515,0.9241630276564774,0.9297028342623851,0.9242133324870279,0.9173320621300602,0.9081442328823475,0.8938837444974077,0.8833027333143699,0.8754894199128602,0.8693679034844297,0.7999040486485813,0.6531419744489039,0.5921948805130247,0.5596033678805384,0.48076960091773124,0.40122622654079676,0.33774273030494295,0.28331451514614947,0.23659035889770214,0.20310099606118825,0.17712441206308216,0.157718874202324,0.10138344597519378,0.05888234478429999,0.03348975216374215,0.020893871050103957,0.011249109650164152,0.0034589911086917078,0.00010333603155193496,0.0
RR3_BRN_FLT_F1,rotate_90_transform/GLDS-352_SpatialTranscriptomics_NASA-RR3_Sample_159_C1.npy,1,rotate_90_transform,0.1264769614383799,1.0,0.6537200441420442,0.9170155558788505,0.4976743111967121,0.7024081910071953,0.5611823490428378,1,0.913465232424126,0.8589192508443353,0.0,0.5539181187062727,0.7971710537259804,0.36233024225873883,0.7440560263653485,0.7204652930248269,0.694481937276697,0.6662773808589149,0.6283025754137641,0.5879579973251766,0.5461814575432626,0.5052251170222464,0.48142018566884753,0.45879717146257787,0.4336869634161495,0.36890179316876226,0.2594930297927297,0.2914707496314788,0.3101744350682448,0.28833857512963335,0.2503519666134526,0.21422063534401486,0.1791184809928644,0.14578076009354868,0.12006252815499589,0.0982643179931753,0.08269738372387009,0.049303659754246436,0.021194140958553195,0.006915603592207273,0.003021313329037435,0.001473682486921068,0.0003175467247323535,0.0,0.0
RR3_BRN_FLT_F1,rotate_90_transform/GLDS-352_SpatialTranscriptomics_NASA-RR3_Sample_159_D1.npy,1,rotate_90_transform,0.07603104111443276,1.0,0.6235471035470167,1.0,0.3878427086010461,0.8016108092887797,0.49588272111964216,1,0.8643872454859778,0.7803193122505374,0.38796053269453856,0.6272082396304368,0.870785242761918,0.5588106152351828,0.9801671374764596,0.949818442830603,0.919081646155882,0.8876207113134961,0.8465145432329932,0.8049431268952186,0.7644861182330965,0.7243529594698208,0.6867575185539552,0.6380635397648629,0.5690052009064608,0.42832309436877725,0.21317058965041336,0.15706538697425199,0.12514394668781026,0.09573047029884008,0.06870262592234108,0.04819086201113924,0.032242338391631396,0.020779476776060072,0.014829260404353867,0.01171078114912847,0.010303293858274085,0.005708085396189607,0.0017041432210131442,6.976062803168063e-05,0.0,0.0,0.0,0.0,0.0
RR3_BRN_GC_G9,rotate_90_transform/GLDS-352_SpatialTranscriptomics_NASA-RR3_Sample_304_A1.npy,0,rotate_90_transform,0.6713096600228265,1.0,0.17194804694137056,0.6464984454897653,0.02566754160935214,0.003739010134992754,0.30216802041559276,2,0.3272185939300807,0.5805956401596561,0.5990701736837212,0.2802731323421339,0.37743352603869956,0.18846850469419268,0.15071798493408664,0.14115014355683164,0.1339288077279344,0.1312809138729685,0.1306828099462067,0.13498589758868634,0.1465432230943915,0.17279078620719235,0.2356753122494893,0.3112468292052413,0.407836269074428,0.5048100287854054,0.5841869357677357,0.7146892047471999,0.807767457665515,0.7924633619611119,0.7478190640202129,0.711491281119524,0.6822792465673098,0.6606313100720916,0.6508876764861025,0.6459264041316978,0.652113146104914,0.6728470590951328,0.6734285026164254,0.6731482041288991,0.6763364904132574,0.6795559303439411,0.6846307385229542,0.6881490794481856,0.6929141716566867
RR3_BRN_GC_G9,rotate_90_transform/GLDS-352_SpatialTranscriptomics_NASA-RR3_Sample_304_B1.npy,0,rotate_90_transform,0.6594780670377725,1.0,0.377985490835122,0.629051290755379,0.07440324648650742,0.005175335557855737,0.545607875127871,2,0.3954091432961967,0.7981271108381944,0.48285006623423565,0.25360676638972834,0.4261753369530999,0.13868946450567926,0.049729284369114876,0.05151156899172438,0.053142781527061006,0.05581180811808117,0.05747472984338056,0.06009745891762337,0.0617537176763607,0.05372031549090364,0.07649142768482842,0.10807899654780567,0.15295043459224072,0.2053234308215679,0.2581572316691777,0.4563530918129096,0.6276264371070962,0.7000742962070438,0.7217578218294722,0.7354282590496514,0.743312261562837,0.7482110554208358,0.7516912248818934,0.7522346214147374,0.7779977953297398,0.8053046524647501,0.7891204869397674,0.7638835276554383,0.7340089241206581,0.7030038561358408,0.678279804028307,0.6669307476361883,0.6718562874251498
RR3_BRN_GC_G8,rotate_90_transform/GLDS-352_SpatialTranscriptomics_NASA-RR3_Sample_304_C1.npy,0,rotate_90_transform,0.7077070711907383,1.0,0.22332145564354633,0.4362974098680419,0.20377496721946975,0.01194325990358637,0.5568776459326727,2,0.4419419900115252,0.9355234878722751,0.30278151296227773,0.340822541620198,0.34103976833431354,0.01698578947394158,0.009710451977401127,0.0290491471035298,0.04939790922323674,0.07229920703462353,0.09477300496675606,0.1191951694275613,0.14366374962668277,0.16465150694626896,0.21907372449639273,0.2891064686905896,0.3839973019188328,0.48450447980660205,0.5726522240089137,0.7300003227923691,0.8507768401578223,0.8499447590377678,0.8128417532965445,0.7821349439208158,0.7569211452802377,0.7372607639537677,0.7257501260958791,0.7179359955731808,0.718771048027427,0.710399796840641,0.6807048657485458,0.6457694829807321,0.607679120718793,0.5682847154564732,0.5355992560333878,0.5183852022802817,0.5224550898203593
RR3_BRN_GC_G8,rotate_90_transform/GLDS-352_SpatialTranscriptomics_NASA-RR3_Sample_304_D1.npy,0,rotate_90_transform,0.8306101307780429,1.0,0.2583570427112658,0.5481628760325237,0.1973247401899736,0.0026376095653391773,0.4948542582681057,2,0.37620053784095275,0.7311943506294134,0.33970709905477103,0.4087671587017303,0.3202422591864161,0.18578940256988863,0.045021186440677964,0.07220064178348252,0.09812094746592565,0.12386158436052444,0.14540852758691825,0.16550801784981267,0.18192524638938823,0.19325694492849982,0.24004034030668986,0.3064859246333726,0.4041264074694247,0.5112960909170208,0.6089720052165765,0.77141458375924,0.9043014102055843,0.9109677369683296,0.8819686246904578,0.8599459675012743,0.844199207566521,0.8350495565881413,0.8330432807260043,0.8325574103107994,0.8433935740941131,0.8311757270738702,0.7949299002328144,0.7532287544007329,0.7088353657795232,0.66420507110518,0.6276878062057702,0.6110087318946661,0.6165668662674652
RR3_BRN_FLT_F2,vertical_flip_transform/GLDS-352_SpatialTranscriptomics_NASA-RR3_Sample_158_A1.npy,1,vertical_flip_transform,0.048843801746804194,1.0,0.5433547074663828,0.30217846962912676,0.8532880880627449,0.7561941880525307,0.8575431920905885,1,0.8097387629658087,0.6928154743629105,0.42867573463197295,0.8135555734211244,0.9215896114648715,0.750513616379509,0.8759416195856874,0.8470697517311265,0.8160116448326056,0.782160241815184,0.7373411193449595,0.6897469510983991,0.6394459690188942,0.5887572854055967,0.5494039461094877,0.5033148605927433,0.44300599376364574,0.3256800707796982,0.15003988401980273,0.13736967258094024,0.13103396197919615,0.11542858902648867,0.09491156838837003,0.07651434924642357,0.06073636984521561,0.04827532396066683,0.04020822183634103,0.034071751360324636,0.02450622465387688,0.010186825808164468,0.003098110481028178,0.000297645346268504,0.0,0.0,0.0,0.0,0.0
RR3_BRN_FLT_F2,vertical_flip_transform/GLDS-352_SpatialTranscriptomics_NASA-RR3_Sample_158_B1.npy,1,vertical_flip_transform,0.07266117845317571,1.0,0.6721089553655578,0.31377398444950944,0.92490303636207,0.8775396061056966,0.8948991023064536,1,0.8254898194391088,0.722136935830519,0.7448158507937683,0.1087084647906662,0.9015264846419211,0.6484168494672155,0.8731756120527308,0.8467741935483871,0.8178642318380311,0.7849964669859464,0.7400228502515114,0.6910380169228937,0.6384823878780367,0.575492083237267,0.5211657314266507,0.4649637277236521,0.3987598293581999,0.28376677590998023,0.11870243988908447,0.14496605300250698,0.17005059372109266,0.16533023316690465,0.14201224341005367,0.11895600550360351,0.09732490462513482,0.07707707502171372,0.06109393469196028,0.050155860924098496,0.03961124988622688,0.03857142032632472,0.03553886687247754,0.028922756381934787,0.01938625393621807,0.010847940528724528,0.0032775358374160773,8.611335962661246e-05,0.0
RR3_BRN_FLT_F7,vertical_flip_transform/GLDS-352_SpatialTranscriptomics_NASA-RR3_Sample_158_C1.npy,1,vertical_flip_transform,0.31344957730655404,1.0,0.9569861347021268,0.2687389877632834,0.7341722712041208,0.6115506565555179,0.9831889517586205,1,0.9779101037264696,0.961314092723365,0.28308506270461864,0.24449383711566974,0.6358420701896985,0.03232543726988668,0.8664665725047082,0.8762877892247931,0.8861452957522826,0.8946082279971735,0.8913184912486711,0.885743984957428,0.8761544660013637,0.8541846511852356,0.832468775051072,0.8098061708647719,0.7830884745782769,0.6914042542586201,0.5235505640739943,0.47036228063568586,0.44634800173679945,0.385193112395148,0.32165348886905587,0.2712109248113748,0.22894566794599677,0.19328404025304968,0.1679212083642958,0.14974084662916165,0.13360504040209947,0.09622365998510934,0.07073106649442777,0.051497295612986646,0.03578766915099272,0.020492373693130183,0.007394302304481945,0.0003272307665811274,0.0
RR3_BRN_FLT_F7,vertical_flip_transform/GLDS-352_SpatialTranscriptomics_NASA-RR3_Sample_158_D1.npy,1,vertical_flip_transform,0.3429303815425649,1.0,1.0,0.531642500363707,0.611771096064518,0.4759464117317317,0.8815890079556539,1,1.0,0.9999999999999998,0.6512320376505254,0.5288065327144147,0.6344597773336995,0.016479417247222128,0.9712806026365349,0.9797542644823509,0.9891359004896123,0.9999999999999999,1.0000000000000002,1.0000000000000002,1.0000000000000002,1.0,1.0,1.0,1.0,0.9243230445239194,0.7555742665771913,0.6370361204661122,0.5503766211700741,0.43033287010482313,0.32590222870287744,0.24672992465556265,0.1835037701528987,0.1342185828478971,0.10490214574758493,0.08547818869316609,0.06183998948230702,0.031030860599204676,0.009921981622986593,0.0008603810790573944,0.0,0.0,0.0,0.0,0.0
RR3_BRN_GC_G7,vertical_flip_transform/GLDS-352_SpatialTranscriptomics_NASA-RR3_Sample_159_A1.npy,0,vertical_flip_transform,0.3535012910570802,1.0,0.7449547484419424,0.47225320466191434,0.6533602707448767,0.39440425182067085,0.8356547799289729,2,0.39363234729158664,0.8124040528093337,0.5972837682309811,1.0,0.5881425203252411,0.05914005775520137,0.8062617702448212,0.7820469515284579,0.7578933439195448,0.7344547381644028,0.7037480759770864,0.6737443557250494,0.6454641249161798,0.6256414105939314,0.6258436554524063,0.634304363983003,0.651030418498423,0.6284813517925458,0.5518872105243166,0.5593346173296464,0.5631571992222161,0.5022847046052099,0.4292578532550627,0.3693303508943356,0.3176770615113265,0.2747798340516489,0.24596011904991086,0.2247237849303698,0.20147652228436203,0.18145824555733192,0.1548836292776914,0.13604252607884812,0.12253036511082203,0.11234372825294942,0.10136545091634912,0.09634362675025403,0.08952095808383234
RR3_BRN_GC_G7,vertical_flip_transform/GLDS-352_SpatialTranscriptomics_NASA-RR3_Sample_159_B1.npy,0,vertical_flip_transform,0.3596040639175096,1.0,0.9115543928299322,0.6163942906098963,0.41803915133926517,0.3861898134529482,0.821008715683547,1,0.9122166730695352,0.8581516733190051,0.6799835593349264,0.862641834170458,0.645080299455563,0.10912821496490432,0.9386770244821093,0.936750548893768,0.9333994971549557,0.9278185601004946,0.9093448007743696,0.8876044439147764,0.862681234961654,0.8350911245395518,0.8168808667994105,0.8057830987887697,0.8022649681377916,0.7453052374484417,0.6207409564567797,0.5789980524860393,0.5586264182288422,0.4843804735709528,0.4042839364951668,0.33827618899226486,0.2806608058170045,0.23185132407565207,0.19681160313102805,0.16936456700175226,0.13336839230994832,0.0893554884770551,0.05436837226953926,0.033880411680719556,0.02267504772094494,0.013819866877348682,0.005999364906550535,0.0028245181957528885,0.002594810379241517
RR3_BRN_FLT_F1,vertical_flip_transform/GLDS-352_SpatialTranscriptomics_NASA-RR3_Sample_159_C1.npy,1,vertical_flip_transform,0.09414175256442608,1.0,0.5974774789311753,0.2242589808663229,0.850841026517293,0.771604998356258,0.9215754542576633,1,0.9098155973876297,0.8523180841264968,0.3579190151499121,0.9595347112600847,0.8173919570051277,0.41291529502961055,0.8531661958568738,0.8226650903563587,0.7885139605663622,0.7500294417837794,0.6992097621352291,0.6438181119983052,0.5835244529845659,0.5224098271877664,0.48058234852990617,0.4403082739566672,0.3959552449869534,0.3094680307542773,0.17833854568936047,0.2056617781555644,0.22400464405051823,0.21075100761824828,0.18392141088331052,0.15772947306429763,0.13327645718306685,0.11168147443939559,0.09566345683670681,0.082152540809739,0.06923069143718205,0.042724066880984395,0.021427685211540003,0.010064133270703792,0.005878490923901812,0.0030783589726795643,0.0007938668118308837,0.0,0.0
RR3_BRN_FLT_F1,vertical_flip_transform/GLDS-352_SpatialTranscriptomics_NASA-RR3_Sample_159_D1.npy,1,vertical_flip_transform,0.16627014216993358,1.0,0.7878080669092843,0.5095506738007103,0.802353640933658,0.744221674792336,0.8318659866374674,1,0.9384364195159433,0.8962235185753762,0.4254963098633693,0.66921814630464,0.7746090069101901,0.27369858484250154,0.9646892655367232,0.9580096267522379,0.9480746327907901,0.9337854282798147,0.9042749012202671,0.8691653756008422,0.828324777559266,0.7818104802603711,0.7426753898270022,0.7050770415609735,0.6646214106941051,0.5631908185771786,0.3916294204788614,0.3404544916558172,0.3015942685620434,0.2361079566233335,0.17449373373725693,0.12694996315965995,0.09056875383741547,0.06472437420305983,0.050553859303950746,0.0432610901042147,0.0338265187447538,0.012172246815534764,0.003656427210824776,0.00021393259263048728,0.0,0.0,0.0,0.0,0.0
RR3_BRN_GC_G9,vertical_flip_transform/GLDS-352_SpatialTranscriptomics_NASA-RR3_Sample_304_A1.npy,0,vertical_flip_transform,0.583943009102792,1.0,0.15383273239384543,0.32501926299511286,0.18115744556754,0.011076918145493136,0.5919549174514032,3,0.2038033038801383,0.6656432299662267,0.5578999006344934,0.2331939713772626,0.4157762290704588,0.20849633941823997,0.022716572504708096,0.03645921297078196,0.05156808257244938,0.07030697966554134,0.08960789603135563,0.11202478846383031,0.13598891036441402,0.15196538393484288,0.19312146052597562,0.23895540152628997,0.29499020762207934,0.3452690999264789,0.3792653743400144,0.5239135346840401,0.6429838968492193,0.670325017034234,0.6614772541576056,0.6521954994044805,0.6437958621450894,0.6367349117796225,0.6333747877546463,0.6314045928248639,0.641973685541206,0.6581382060797746,0.6514862902225238,0.637435413285214,0.6214178895792046,0.6054788240013754,0.5931999637089458,0.5879992422024353,0.5911177644710579
RR3_BRN_GC_G9,vertical_flip_transform/GLDS-352_SpatialTranscriptomics_NASA-RR3_Sample_304_B1.npy,0,vertical_flip_transform,0.7861892626073705,1.0,0.20147467101930694,0.4074810468292842,0.17192798163986156,0.005053165397809228,0.5615306907739068,2,0.3720706876680753,0.7066318698188516,0.6356323767127914,0.3783883807927346,0.3025797837066281,0.07898833221713675,0.1683145009416196,0.16390812362776558,0.16154558687309778,0.1620377639946612,0.16299846078166905,0.16759358572014993,0.17436310667575777,0.18086036149552548,0.21759457991776787,0.2640255494697839,0.3253850386665799,0.3853319044474074,0.43234277466161875,0.5958478141576734,0.746639670763248,0.7936836675379468,0.7976757633275929,0.799905456331653,0.8005532776989535,0.8005375560296415,0.8015558883887834,0.8023775707829934,0.810586462515549,0.8319924046103323,0.8216488224260868,0.8138646922858698,0.8120949798781749,0.8103125025584766,0.810345218653602,0.8109122849318843,0.8148702594810381
RR3_BRN_GC_G8,vertical_flip_transform/GLDS-352_SpatialTranscriptomics_NASA-RR3_Sample_304_C1.npy,0,vertical_flip_transform,0.6915041797660302,1.0,0.0013388850577297218,0.5357375706534332,0.1441120471850197,0.007415069505183683,0.09348664422100228,3,0.19487130234344985,0.6050046054651519,0.529930124104792,0.5421419189709906,0.43389880127051733,0.28616511775413395,0.2238112052730697,0.21206299611552104,0.20050284504432977,0.19056685247703536,0.17908884622098098,0.16944080297673436,0.16371863430686961,0.1771767746363329,0.23539603320317554,0.3153883853316745,0.4277227839937519,0.5502311555284176,0.6625622000785018,0.8112471621170875,0.9175869815559458,0.8941914224451535,0.8377339635211746,0.7900655203466955,0.7504777366664903,0.7190191758432423,0.6985557690308521,0.6825841556764731,0.6629140077466854,0.6264984445611584,0.5840832293331581,0.5329804995791109,0.4746136731145668,0.4183047739125451,0.36856967882416986,0.3449356733203589,0.34161676646706585
RR3_BRN_GC_G8,vertical_flip_transform/GLDS-352_SpatialTranscriptomics_NASA-RR3_Sample_304_D1.npy,0,vertical_flip_transform,0.6999158829679804,1.0,0.0,0.3979546201552894,0.26751860463440713,0.02405717948480436,0.2744466852009282,3,0.20537200665898325,0.659195578753454,0.4916787128854949,0.5099951503405613,0.3702015128274333,0.34901331486697373,0.3223870056497175,0.28242695490626585,0.2425433373031627,0.2049442568893774,0.16697345245084816,0.13219189872747256,0.10460208606864532,0.09851316064620946,0.13611233223862845,0.18961218016038434,0.2652403126460721,0.3502847387506386,0.4321465199610023,0.6133270209492249,0.761732834947424,0.7964014458888788,0.7873304589393234,0.7769086333158156,0.7665908573504759,0.7572415039248982,0.7510501572829514,0.7449912385871068,0.741331499479172,0.7425185988930123,0.7141564308599537,0.6767199482841211,0.6336733577307931,0.5916343957492448,0.5568068408637271,0.5419458174741228,0.543812375249501
