"","baseMean","log2FoldChange","lfcSE","stat","pvalue","padj"
"ENSMUSG00000009900",1.23524101126736,-3.63412723896647,3.02910877412275,-1.19973480979366,0.230242349311484,0.876098704580508
"ENSMUSG00000014725",1.5440512640842,-3.96773747015156,3.01726877725869,-1.3150096206399,0.188506669184869,0.876098704580508
"ENSMUSG00000016179",1.5440512640842,-3.96773747015156,3.01726877725869,-1.3150096206399,0.188506669184869,0.876098704580508
"ENSMUSG00000019932",2.47048202253472,-4.66364020938154,2.99964979750409,-1.55472822636229,0.120010809178471,0.876098704580508
"ENSMUSG00000020000",3.0881025281684,-4.99159306147439,2.99381585319375,-1.66730129915955,0.0954545084568293,0.876098704580508
"ENSMUSG00000021587",1.43657767407692,-3.18918692079912,2.73014694266941,-1.16813746211069,0.242751321378489,0.876098704580508
"ENSMUSG00000022367",2.77929227535156,-4.83690734328542,2.99640625413319,-1.61423616594495,0.106476210144033,0.876098704580508
"ENSMUSG00000022595",2.47048202253472,-4.66364020938154,2.99964979750409,-1.55472822636229,0.120010809178471,0.876098704580508
"ENSMUSG00000022596",3.70572303380208,-5.25866613465345,2.98993771533565,-1.75878785289784,0.0786135487509678,0.876098704580508
"ENSMUSG00000023041",4.32334353943576,-5.48395400440415,2.98717315188434,-1.83583398938384,0.0663822128627225,0.876098704580508
"ENSMUSG00000023964",1.23524101126736,-3.63412723896647,3.02910877412275,-1.19973480979366,0.230242349311484,0.876098704580508
"ENSMUSG00000024653",2.16167176971788,-4.46671642559448,3.00382902268338,-1.487007546656,0.137012817783412,0.876098704580508
"ENSMUSG00000025431",3.70572303380208,-5.25866613465345,2.98993771533565,-1.75878785289784,0.0786135487509678,0.876098704580508
"ENSMUSG00000026065",2.16167176971788,-4.46671642559448,3.00382902268338,-1.487007546656,0.137012817783412,0.876098704580508
"ENSMUSG00000026085",3.0881025281684,-4.99159306147439,2.99381585319375,-1.66730129915955,0.0954545084568293,0.876098704580508
"ENSMUSG00000026226",1.3703963960246,-3.8299643520143,3.02184207713679,-1.26742703763104,0.205002637140512,0.876098704580508
"ENSMUSG00000026828",2.47048202253472,-4.66364020938154,2.99964979750409,-1.55472822636229,0.120010809178471,0.876098704580508
"ENSMUSG00000026983",3.39691278098524,-5.13129731540902,2.99169938966561,-1.71517811352783,0.0863125762856628,0.876098704580508
"ENSMUSG00000026984",3.39691278098524,-5.13129731540902,2.99169938966561,-1.71517811352783,0.0863125762856628,0.876098704580508
"ENSMUSG00000027484",2.47048202253472,-4.66364020938154,2.99964979750409,-1.55472822636229,0.120010809178471,0.876098704580508
"ENSMUSG00000027912",2.77929227535156,-4.83690734328542,2.99640625413319,-1.61423616594495,0.106476210144033,0.876098704580508
"ENSMUSG00000028236",3.70572303380208,-5.25866613465345,2.98993771533565,-1.75878785289784,0.0786135487509678,0.876098704580508
"ENSMUSG00000028386",3.70572303380208,-5.25866613465345,2.98993771533565,-1.75878785289784,0.0786135487509678,0.876098704580508
"ENSMUSG00000029236",2.47048202253472,-4.66364020938154,2.99964979750409,-1.55472822636229,0.120010809178471,0.876098704580508
"ENSMUSG00000030666",1.23524101126736,-3.63412723896647,3.02910877412275,-1.19973480979366,0.230242349311484,0.876098704580508
"ENSMUSG00000030804",1.09856819433473,-3.48152640544173,3.03528348872783,-1.14701853002236,0.25137396265467,0.876098704580508
"ENSMUSG00000031028",1.46734432035234,-3.00444930348856,2.30117996649196,-1.30561248891311,0.191684371083959,0.876098704580508
"ENSMUSG00000031230",1.23524101126736,-3.63412723896647,3.02910877412275,-1.19973480979366,0.230242349311484,0.876098704580508
"ENSMUSG00000032303",1.24195852443969,-3.50990379809596,3.02910725667816,-1.15872549258789,0.246568096220785,0.876098704580508
"ENSMUSG00000036951",1.5440512640842,-3.96773747015156,3.01726877725869,-1.3150096206399,0.188506669184869,0.876098704580508
"ENSMUSG00000037469",1.23524101126736,-3.63412723896647,3.02910877412275,-1.19973480979366,0.230242349311484,0.876098704580508
"ENSMUSG00000038402",2.77929227535156,-4.83690734328542,2.99640625413319,-1.61423616594495,0.106476210144033,0.876098704580508
"ENSMUSG00000040086",1.5440512640842,-3.96773747015156,3.01726877725869,-1.3150096206399,0.188506669184869,0.876098704580508
"ENSMUSG00000040113",4.32334353943576,-5.48395400440415,2.98717315188434,-1.83583398938384,0.0663822128627225,0.876098704580508
"ENSMUSG00000040856",3.24247816994553,-3.42040403890657,2.61028707030988,-1.31035550756512,0.190075597687246,0.876098704580508
"ENSMUSG00000041669",1.5440512640842,-3.96773747015156,3.01726877725869,-1.3150096206399,0.188506669184869,0.876098704580508
"ENSMUSG00000042268",1.85286151690104,-4.23865132440863,3.00941678228771,-1.40846271256136,0.158994100677853,0.876098704580508
"ENSMUSG00000042367",3.0881025281684,-4.99159306147439,2.99381585319375,-1.66730129915955,0.0954545084568293,0.876098704580508
"ENSMUSG00000046523",2.16167176971788,-4.46671642559448,3.00382902268338,-1.487007546656,0.137012817783412,0.876098704580508
"ENSMUSG00000046561",2.47048202253472,-4.66364020938154,2.99964979750409,-1.55472822636229,0.120010809178471,0.876098704580508
"ENSMUSG00000046676",1.85286151690104,-4.23865132440863,3.00941678228771,-1.40846271256136,0.158994100677853,0.876098704580508
"ENSMUSG00000047884",4.6321537922526,-5.5846503127788,2.98606862808515,-1.87023508443609,0.0614511796519847,0.876098704580508
"ENSMUSG00000048399",4.6321537922526,-5.5846503127788,2.98606862808515,-1.87023508443609,0.0614511796519847,0.876098704580508
"ENSMUSG00000048764",1.23524101126736,-3.63412723896647,3.02910877412275,-1.19973480979366,0.230242349311484,0.876098704580508
"ENSMUSG00000049231",1.23524101126736,-3.63412723896647,3.02910877412275,-1.19973480979366,0.230242349311484,0.876098704580508
"ENSMUSG00000051431",1.85286151690104,-4.23865132440863,3.00941678228771,-1.40846271256136,0.158994100677853,0.876098704580508
"ENSMUSG00000051980",2.77929227535156,-4.83690734328542,2.99640625413319,-1.61423616594495,0.106476210144033,0.876098704580508
"ENSMUSG00000053719",4.01453328661892,-5.37570134372468,2.98844852799455,-1.79882681376886,0.0720460803941289,0.876098704580508
"ENSMUSG00000055811",2.16167176971788,-4.46671642559448,3.00382902268338,-1.487007546656,0.137012817783412,0.876098704580508
"ENSMUSG00000056426",1.23524101126736,-3.63412723896647,3.02910877412275,-1.19973480979366,0.230242349311484,0.876098704580508
"ENSMUSG00000057696",1.23524101126736,-3.63412723896647,3.02910877412275,-1.19973480979366,0.230242349311484,0.876098704580508
"ENSMUSG00000058354",2.47048202253472,-4.66364020938154,2.99964979750409,-1.55472822636229,0.120010809178471,0.876098704580508
"ENSMUSG00000059159",0.772025632042101,-3.14257213440453,3.04482901604335,-1.03210134882654,0.302024642057369,0.876098704580508
"ENSMUSG00000060096",1.37321024291842,-3.80994266964429,3.02254233689052,-1.26050928158836,0.207485701758826,0.876098704580508
"ENSMUSG00000061615",2.19713638866947,-4.50167328237019,3.00304597389724,-1.49903575286531,0.133864357159968,0.876098704580508
"ENSMUSG00000061619",2.74642048583684,-4.82821097260504,2.99656012438275,-1.6112511587264,0.107124991408786,0.876098704580508
"ENSMUSG00000063779",1.5440512640842,-3.96773747015156,3.01726877725869,-1.3150096206399,0.188506669184869,0.876098704580508
"ENSMUSG00000066058",1.5440512640842,-3.96773747015156,3.01726877725869,-1.3150096206399,0.188506669184869,0.876098704580508
"ENSMUSG00000066068",1.08083588485894,-3.52881551647054,3.03342460650673,-1.16331077057303,0.244703437332994,0.876098704580508
"ENSMUSG00000067231",1.23524101126736,-3.63412723896647,3.02910877412275,-1.19973480979366,0.230242349311484,0.876098704580508
"ENSMUSG00000068373",3.5459209258595,-3.74391776271097,2.61169295756071,-1.43352140682255,0.151708885767215,0.876098704580508
"ENSMUSG00000071019",3.39691278098524,-5.13129731540902,2.99169938966561,-1.71517811352783,0.0863125762856628,0.876098704580508
"ENSMUSG00000071671",1.85286151690104,-4.23865132440863,3.00941678228771,-1.40846271256136,0.158994100677853,0.876098704580508
"ENSMUSG00000073602",3.39691278098524,-5.13129731540902,2.99169938966561,-1.71517811352783,0.0863125762856628,0.876098704580508
"ENSMUSG00000074155",1.23524101126736,-3.63412723896647,3.02910877412275,-1.19973480979366,0.230242349311484,0.876098704580508
"ENSMUSG00000074625",4.01453328661892,-5.37570134372468,2.98844852799455,-1.79882681376886,0.0720460803941289,0.876098704580508
"ENSMUSG00000074653",1.23524101126736,-3.63412723896647,3.02910877412275,-1.19973480979366,0.230242349311484,0.876098704580508
"ENSMUSG00000075605",2.77929227535156,-4.83690734328542,2.99640625413319,-1.61423616594495,0.106476210144033,0.876098704580508
"ENSMUSG00000075609",1.69845639049262,-4.17197703046659,3.0112190014489,-1.38547778439867,0.16590642089711,0.876098704580508
"ENSMUSG00000076764",1.09856819433473,-3.48152640544173,3.03528348872783,-1.14701853002236,0.25137396265467,0.876098704580508
"ENSMUSG00000079025",4.32334353943576,-5.48395400440415,2.98717315188434,-1.83583398938384,0.0663822128627225,0.876098704580508
"ENSMUSG00000079451",1.23524101126736,-3.63412723896647,3.02910877412275,-1.19973480979366,0.230242349311484,0.876098704580508
"ENSMUSG00000079539",1.23524101126736,-3.63412723896647,3.02910877412275,-1.19973480979366,0.230242349311484,0.876098704580508
"ENSMUSG00000082381",1.6478522915021,-4.0790158007424,3.0138702353234,-1.35341454085687,0.175923234670213,0.876098704580508
"ENSMUSG00000083220",2.19713638866947,-4.50167328237019,3.00304597389724,-1.49903575286531,0.133864357159968,0.876098704580508
"ENSMUSG00000083725",1.09856819433473,-3.48152640544173,3.03528348872783,-1.14701853002236,0.25137396265467,0.876098704580508
"ENSMUSG00000083761",1.5440512640842,-3.96773747015156,3.01726877725869,-1.3150096206399,0.188506669184869,0.876098704580508
"ENSMUSG00000083846",0.913597597349733,-3.27870514164279,3.04183935423281,-1.07786926258297,0.281092104302613,0.876098704580508
"ENSMUSG00000085366",1.3703963960246,-3.8299643520143,3.02184207713679,-1.26742703763104,0.205002637140512,0.876098704580508
"ENSMUSG00000085521",1.85286151690104,-4.23865132440863,3.00941678228771,-1.40846271256136,0.158994100677853,0.876098704580508
"ENSMUSG00000085666",1.37321024291842,-3.80994266964429,3.02254233689052,-1.26050928158836,0.207485701758826,0.876098704580508
"ENSMUSG00000085965",2.16167176971788,-4.46671642559448,3.00382902268338,-1.487007546656,0.137012817783412,0.876098704580508
"ENSMUSG00000086866",1.23524101126736,-3.63412723896647,3.02910877412275,-1.19973480979366,0.230242349311484,0.876098704580508
"ENSMUSG00000087514",1.09856819433473,-3.48152640544173,3.03528348872783,-1.14701853002236,0.25137396265467,0.876098704580508
"ENSMUSG00000087635",2.77929227535156,-4.83690734328542,2.99640625413319,-1.61423616594495,0.106476210144033,0.876098704580508
"ENSMUSG00000089633",1.5440512640842,-3.96773747015156,3.01726877725869,-1.3150096206399,0.188506669184869,0.876098704580508
"ENSMUSG00000090306",1.85286151690104,-4.23865132440863,3.00941678228771,-1.40846271256136,0.158994100677853,0.876098704580508
"ENSMUSG00000090314",4.01453328661892,-5.37570134372468,2.98844852799455,-1.79882681376886,0.0720460803941289,0.876098704580508
"ENSMUSG00000090968",1.08083588485894,-3.52881551647054,3.03342460650673,-1.16331077057303,0.244703437332994,0.876098704580508
"ENSMUSG00000091165",0.913597597349733,-3.27870514164279,3.04183935423281,-1.07786926258297,0.281092104302613,0.876098704580508
"ENSMUSG00000091376",2.47048202253472,-4.66364020938154,2.99964979750409,-1.55472822636229,0.120010809178471,0.876098704580508
"ENSMUSG00000094065",0.913597597349733,-3.27870514164279,3.04183935423281,-1.07786926258297,0.281092104302613,0.876098704580508
"ENSMUSG00000094256",1.37321024291842,-3.80994266964429,3.02254233689052,-1.26050928158836,0.207485701758826,0.876098704580508
"ENSMUSG00000095524",1.6478522915021,-4.0790158007424,3.0138702353234,-1.35341454085687,0.175923234670213,0.876098704580508
"ENSMUSG00000095870",4.32334353943576,-5.48395400440415,2.98717315188434,-1.83583398938384,0.0663822128627225,0.876098704580508
"ENSMUSG00000097565",2.7407927920492,-4.83705388600898,2.99640366903615,-1.61428646480229,0.106465304600834,0.876098704580508
"ENSMUSG00000097652",1.85286151690104,-4.23865132440863,3.00941678228771,-1.40846271256136,0.158994100677853,0.876098704580508
"ENSMUSG00000098741",1.92249434008579,-4.30575282889785,3.0076827482688,-1.43158477448335,0.152262689565341,0.876098704580508
"ENSMUSG00000099662",4.32334353943576,-5.48395400440415,2.98717315188434,-1.83583398938384,0.0663822128627225,0.876098704580508
"ENSMUSG00000099820",1.09856819433473,-3.48152640544173,3.03528348872783,-1.14701853002236,0.25137396265467,0.876098704580508
"ENSMUSG00000099906",4.01453328661892,-5.37570134372468,2.98844852799455,-1.79882681376886,0.0720460803941289,0.876098704580508
"ENSMUSG00000102098",3.70572303380208,-5.25866613465345,2.98993771533565,-1.75878785289784,0.0786135487509678,0.876098704580508
"ENSMUSG00000102443",1.37321024291842,-3.80994266964429,3.02254233689052,-1.26050928158836,0.207485701758826,0.876098704580508
"ENSMUSG00000103254",1.09856819433473,-3.48152640544173,3.03528348872783,-1.14701853002236,0.25137396265467,0.876098704580508
"ENSMUSG00000104202",1.23524101126736,-3.63412723896647,3.02910877412275,-1.19973480979366,0.230242349311484,0.876098704580508
"ENSMUSG00000105061",1.23524101126736,-3.63412723896647,3.02910877412275,-1.19973480979366,0.230242349311484,0.876098704580508
"ENSMUSG00000105194",1.23524101126736,-3.63412723896647,3.02910877412275,-1.19973480979366,0.230242349311484,0.876098704580508
"ENSMUSG00000105444",1.5440512640842,-3.96773747015156,3.01726877725869,-1.3150096206399,0.188506669184869,0.876098704580508
"ENSMUSG00000106884",0.913597597349733,-3.27870514164279,3.04183935423281,-1.07786926258297,0.281092104302613,0.876098704580508
"ENSMUSG00000107028",1.09856819433473,-3.48152640544173,3.03528348872783,-1.14701853002236,0.25137396265467,0.876098704580508
"ENSMUSG00000108616",0.926430758450521,-3.33082939569172,3.04076096736763,-1.09539336746196,0.27334433858215,0.876098704580508
"ENSMUSG00000108696",1.23524101126736,-3.63412723896647,3.02910877412275,-1.19973480979366,0.230242349311484,0.876098704580508
"ENSMUSG00000108854",1.23524101126736,-3.63412723896647,3.02910877412275,-1.19973480979366,0.230242349311484,0.876098704580508
"ENSMUSG00000109284",1.5440512640842,-3.96773747015156,3.01726877725869,-1.3150096206399,0.188506669184869,0.876098704580508
"ENSMUSG00000109635",1.23524101126736,-3.63412723896647,3.02910877412275,-1.19973480979366,0.230242349311484,0.876098704580508
"ENSMUSG00000109973",1.85286151690104,-4.23865132440863,3.00941678228771,-1.40846271256136,0.158994100677853,0.876098704580508
"ENSMUSG00000110063",1.23524101126736,-3.63412723896647,3.02910877412275,-1.19973480979366,0.230242349311484,0.876098704580508
"ENSMUSG00000110138",1.23524101126736,-3.63412723896647,3.02910877412275,-1.19973480979366,0.230242349311484,0.876098704580508
"ENSMUSG00000110448",2.47048202253472,-4.66364020938154,2.99964979750409,-1.55472822636229,0.120010809178471,0.876098704580508
"ENSMUSG00000110679",1.08502169708681,-3.56744404062561,3.03180653111085,-1.17667272103887,0.239326159864908,0.876098704580508
"ENSMUSG00000110959",1.09856819433473,-3.48152640544173,3.03528348872783,-1.14701853002236,0.25137396265467,0.876098704580508
"ENSMUSG00000111462",1.5440512640842,-3.96773747015156,3.01726877725869,-1.3150096206399,0.188506669184869,0.876098704580508
"ENSMUSG00000111960",1.6478522915021,-4.0790158007424,3.0138702353234,-1.35341454085687,0.175923234670213,0.876098704580508
"ENSMUSG00000112106",1.09856819433473,-3.48152640544173,3.03528348872783,-1.14701853002236,0.25137396265467,0.876098704580508
"ENSMUSG00000113486",1.37321024291842,-3.80994266964429,3.02254233689052,-1.26050928158836,0.207485701758826,0.876098704580508
"ENSMUSG00000113940",4.01453328661892,-5.37570134372468,2.98844852799455,-1.79882681376886,0.0720460803941289,0.876098704580508
"ENSMUSG00000114822",1.5440512640842,-3.96773747015156,3.01726877725869,-1.3150096206399,0.188506669184869,0.876098704580508
"ENSMUSG00000115160",0.789106688790404,-3.19553910377405,3.04363524430496,-1.04990869380729,0.293760094090186,0.876098704580508
"ENSMUSG00000116093",2.16167176971788,-4.46671642559448,3.00382902268338,-1.487007546656,0.137012817783412,0.876098704580508
"ENSMUSG00000117251",1.23524101126736,-3.63412723896647,3.02910877412275,-1.19973480979366,0.230242349311484,0.876098704580508
"ENSMUSG00000118443",1.85286151690104,-4.23865132440863,3.00941678228771,-1.40846271256136,0.158994100677853,0.876098704580508
"ENSMUSG00000118591",1.85286151690104,-4.23865132440863,3.00941678228771,-1.40846271256136,0.158994100677853,0.876098704580508
"ENSMUSG00000120305",0.913597597349733,-3.27870514164279,3.04183935423281,-1.07786926258297,0.281092104302613,0.876098704580508
"ENSMUSG00000120366",0.913597597349733,-3.27870514164279,3.04183935423281,-1.07786926258297,0.281092104302613,0.876098704580508
"ENSMUSG00000121138",1.85286151690104,-4.23865132440863,3.00941678228771,-1.40846271256136,0.158994100677853,0.876098704580508
"ENSMUSG00002076052",0.913597597349733,-3.27870514164279,3.04183935423281,-1.07786926258297,0.281092104302613,0.876098704580508
