thread,analysis,target,model,condition,cv_scheme,n_subjects,n_features,n_shuffles,obs_spearman,obs_pearson,obs_r2,obs_rmse,obs_mae,obs_neg_mae,floor_spearman,floor_r2,floor_rmse,floor_mae,mae_improvement_over_floor,beats_floor,null_mean,null_sd,null_p95,emp_p_spearman,emp_p_neg_mae,emp_p_null,z_spearman,group_features,group_rank,obs_drop,null_drop_mean,null_drop_sd,target_mean,target_sd,target_n_lost,environment,source_file,notes
aim1_biomni,descriptive_cv,total_hip_bmd_change,TabPFN-3 (v3_default ckpt),everything,10x5 repeated CV,38,628.0,,0.2072103686443678,,0.0413232990593894,0.0166651566220103,0.0126848874192403,,-0.9971136707116908,-0.0547845142439735,0.0174805537368853,0.0126742532005689,,,,,,,,,,,,,,,,,,Biomni A10G; tabpfn 8.2.0; torch 2.13.0+cu130; n_est=32; seed=42,tfm_results_metrics.csv,floor Spearman -0.997 is a degenerate artifact of near-constant floor predictions; present as n/a in deck
aim1_biomni,descriptive_cv,total_hip_bmd_change,TabPFN-3 (v3_default ckpt),shortlist,10x5 repeated CV,38,5.0,,-0.3975213841956714,,-0.0861775213297397,0.0177387788184059,0.0132950020098972,,-0.9971136707116908,-0.0547845142439735,0.0174805537368853,0.0126742532005689,,,,,,,,,,,,,,,,,,Biomni A10G; tabpfn 8.2.0; torch 2.13.0+cu130; n_est=32; seed=42,tfm_results_metrics.csv,
aim1_biomni,permutation_null,total_hip_bmd_change,TabPFN-3 (v3_default ckpt),everything,LOOCV,38,628.0,1000.0,0.3762038995750089,,,,,-0.012086301265701,,,,,,,-0.3928188354509839,0.2776080723764562,0.144655148877983,0.0069930069930069,0.0179820179820179,,,,,,,,,,,Biomni A10G; tabpfn 8.2.0; torch 2.13.0+cu130; n_est=32; seed=42,tfm_results_null.csv,null is off-center (negative) under LOOCV; gap vs null p95 is the test
aim1_biomni,permutation_null,total_hip_bmd_change,TabPFN-3 (v3_default ckpt),shortlist,LOOCV,38,5.0,1000.0,-0.5988777285659712,,,,,-0.013098759342132,,,,,,,-0.4539695028322134,0.2720285898174878,0.0958016595115625,0.6453546453546454,0.8781218781218781,,,,,,,,,,,Biomni A10G; tabpfn 8.2.0; torch 2.13.0+cu130; n_est=32; seed=42,tfm_results_null.csv,null is off-center (negative) under LOOCV; gap vs null p95 is the test
aim1_biomni,permutation_null_ood,total_hip_bmd_change,TabPFN-3 (OOD ckpt v3_20260506),everything,LOOCV,38,628.0,200.0,0.3742157403875896,,,,,-0.0121250268408881,,,,,,,-0.3998453213791883,0.2676565390137491,0.1355317072734921,0.0099502487562189,0.0149253731343283,,2.8919938388806696,,,,,,,,,Biomni A10G; tabpfn 8.2.0; torch 2.13.0+cu130; n_est=32; seed=42,tfm_results_null_ood.csv,checkpoint-robustness sensitivity arm
aim1_biomni,width_sweep,total_hip_bmd_change,TabPFN-3 (v3_default ckpt),width_5,LOOCV,38,5.0,5.0,-0.2272245044643888,,,,,-0.0128994709970552,,,,,,,,0.2264374492057374,,,,,,,,,,,,,,Biomni A10G; tabpfn 8.2.0; torch 2.13.0+cu130; n_est=32; seed=42,tfm_width_sweep_summary.csv,"null_sd column here is the SD across the 5 random feature draws, not a permutation null"
aim1_biomni,width_sweep,total_hip_bmd_change,TabPFN-3 (v3_default ckpt),width_25,LOOCV,38,25.0,5.0,-0.2624811940546245,,,,,-0.0128349043486737,,,,,,,,0.3387504894955974,,,,,,,,,,,,,,Biomni A10G; tabpfn 8.2.0; torch 2.13.0+cu130; n_est=32; seed=42,tfm_width_sweep_summary.csv,"null_sd column here is the SD across the 5 random feature draws, not a permutation null"
aim1_biomni,width_sweep,total_hip_bmd_change,TabPFN-3 (v3_default ckpt),width_100,LOOCV,38,100.0,5.0,0.0043297688970465,,,,,-0.0126568077981815,,,,,,,,0.3208411307561117,,,,,,,,,,,,,,Biomni A10G; tabpfn 8.2.0; torch 2.13.0+cu130; n_est=32; seed=42,tfm_width_sweep_summary.csv,"null_sd column here is the SD across the 5 random feature draws, not a permutation null"
aim1_biomni,width_sweep,total_hip_bmd_change,TabPFN-3 (v3_default ckpt),width_250,LOOCV,38,250.0,5.0,0.0374878460116729,,,,,-0.0126148043048175,,,,,,,,0.3089252357060227,,,,,,,,,,,,,,Biomni A10G; tabpfn 8.2.0; torch 2.13.0+cu130; n_est=32; seed=42,tfm_width_sweep_summary.csv,"null_sd column here is the SD across the 5 random feature draws, not a permutation null"
aim1_biomni,width_sweep,total_hip_bmd_change,TabPFN-3 (v3_default ckpt),width_628,LOOCV,38,628.0,1.0,0.3762038995750089,,,,,-0.012086301265701,,,,,,,,,,,,,,,,,,,,,,Biomni A10G; tabpfn 8.2.0; torch 2.13.0+cu130; n_est=32; seed=42,tfm_width_sweep_summary.csv,full table = the observed run (no refit)
aim1_biomni,group_importance,total_hip_bmd_change,TabPFN-3 (v3_default ckpt),Screening_fitness,LOOCV,38,,50.0,,,,,,,,,,,,,,,,0.0588235294117647,,,1.6826239561825649,73.0,1.0,0.295550908538699,0.0095763000860696,0.1699575281810135,,,,Biomni A10G; tabpfn 8.2.0; torch 2.13.0+cu130; n_est=32; seed=42,tfm_group_importance.csv,drop in LOOCV Spearman when the group's columns are jointly shuffled inside LOOCV
aim1_biomni,group_importance,total_hip_bmd_change,TabPFN-3 (v3_default ckpt),Cardiovascular_hemo,LOOCV,38,,50.0,,,,,,,,,,,,,,,,0.1176470588235294,,,0.7322156679035382,44.0,2.0,0.0893788008033168,0.0203189868954253,0.0943162198439288,,,,Biomni A10G; tabpfn 8.2.0; torch 2.13.0+cu130; n_est=32; seed=42,tfm_group_importance.csv,drop in LOOCV Spearman when the group's columns are jointly shuffled inside LOOCV
aim1_biomni,group_importance,total_hip_bmd_change,TabPFN-3 (v3_default ckpt),Echo_cardiac,LOOCV,38,,50.0,,,,,,,,,,,,,,,,0.3725490196078431,,,0.2580343609958566,54.0,3.0,0.0237695476184797,0.0045926477229386,0.0743191713741992,,,,Biomni A10G; tabpfn 8.2.0; torch 2.13.0+cu130; n_est=32; seed=42,tfm_group_importance.csv,drop in LOOCV Spearman when the group's columns are jointly shuffled inside LOOCV
aim1_biomni,group_importance,total_hip_bmd_change,TabPFN-3 (v3_default ckpt),Cognitive_NCC,LOOCV,38,,50.0,,,,,,,,,,,,,,,,0.5294117647058824,,,0.1073113390878275,17.0,4.0,0.014182202203591,0.0046567106300887,0.0887650052116018,,,,Biomni A10G; tabpfn 8.2.0; torch 2.13.0+cu130; n_est=32; seed=42,tfm_group_importance.csv,drop in LOOCV Spearman when the group's columns are jointly shuffled inside LOOCV
aim1_biomni,group_importance,total_hip_bmd_change,TabPFN-3 (v3_default ckpt),MRI_ultrasound_muscle,LOOCV,38,,50.0,,,,,,,,,,,,,,,,0.2352941176470588,,,0.4034366285333988,13.0,5.0,0.0115534139446699,-0.0036383313129773,0.0376558403050064,,,,Biomni A10G; tabpfn 8.2.0; torch 2.13.0+cu130; n_est=32; seed=42,tfm_group_importance.csv,drop in LOOCV Spearman when the group's columns are jointly shuffled inside LOOCV
aim1_biomni,group_importance,total_hip_bmd_change,TabPFN-3 (v3_default ckpt),Amino_acids,LOOCV,38,,50.0,,,,,,,,,,,,,,,,0.4509803921568627,,,0.3040343687817674,40.0,6.0,0.011244144737738,-0.0068989123803449,0.0596743624428918,,,,Biomni A10G; tabpfn 8.2.0; torch 2.13.0+cu130; n_est=32; seed=42,tfm_group_importance.csv,drop in LOOCV Spearman when the group's columns are jointly shuffled inside LOOCV
aim1_biomni,group_importance,total_hip_bmd_change,TabPFN-3 (v3_default ckpt),Immunoassay_IMMULITE,LOOCV,38,,50.0,,,,,,,,,,,,,,,,0.4901960784313725,,,0.097633873438665,12.0,7.0,0.0045727661310643,-0.0007577095569831,0.0545965810861593,,,,Biomni A10G; tabpfn 8.2.0; torch 2.13.0+cu130; n_est=32; seed=42,tfm_group_importance.csv,drop in LOOCV Spearman when the group's columns are jointly shuffled inside LOOCV
aim1_biomni,group_importance,total_hip_bmd_change,TabPFN-3 (v3_default ckpt),Vitals_intake,LOOCV,38,,50.0,,,,,,,,,,,,,,,,0.3529411764705882,,,0.2888080254133936,37.0,8.0,0.0033356893033368,0.0002783422862387,0.0105860874621926,,,,Biomni A10G; tabpfn 8.2.0; torch 2.13.0+cu130; n_est=32; seed=42,tfm_group_importance.csv,drop in LOOCV Spearman when the group's columns are jointly shuffled inside LOOCV
aim1_biomni,group_importance,total_hip_bmd_change,TabPFN-3 (v3_default ckpt),Immune,LOOCV,38,,50.0,,,,,,,,,,,,,,,,0.5686274509803921,,,-0.0736643213240173,35.0,9.0,0.002739241547111,0.010199256631461,0.1012703972587081,,,,Biomni A10G; tabpfn 8.2.0; torch 2.13.0+cu130; n_est=32; seed=42,tfm_group_importance.csv,drop in LOOCV Spearman when the group's columns are jointly shuffled inside LOOCV
aim1_biomni,group_importance,total_hip_bmd_change,TabPFN-3 (v3_default ckpt),Bone_mineral_regional,LOOCV,38,,50.0,,,,,,,,,,,,,,,,0.7647058823529411,,,-0.0557536442119266,22.0,10.0,-0.0024078816825411,0.0020632674233884,0.08019474186976,,,,Biomni A10G; tabpfn 8.2.0; torch 2.13.0+cu130; n_est=32; seed=42,tfm_group_importance.csv,drop in LOOCV Spearman when the group's columns are jointly shuffled inside LOOCV
aim1_biomni,group_importance,total_hip_bmd_change,TabPFN-3 (v3_default ckpt),Blood_volume,LOOCV,38,,50.0,,,,,,,,,,,,,,,,0.5294117647058824,,,-0.1095225986505487,33.0,11.0,-0.0034240519338888,0.0032627901331314,0.0610544503992853,,,,Biomni A10G; tabpfn 8.2.0; torch 2.13.0+cu130; n_est=32; seed=42,tfm_group_importance.csv,drop in LOOCV Spearman when the group's columns are jointly shuffled inside LOOCV
aim1_biomni,group_importance,total_hip_bmd_change,TabPFN-3 (v3_default ckpt),Psych_POMS_MFSI,LOOCV,38,,50.0,,,,,,,,,,,,,,,,0.6470588235294118,,,-0.1843065507595358,13.0,12.0,-0.0053017578331181,0.0018666605704103,0.0388939968427753,,,,Biomni A10G; tabpfn 8.2.0; torch 2.13.0+cu130; n_est=32; seed=42,tfm_group_importance.csv,drop in LOOCV Spearman when the group's columns are jointly shuffled inside LOOCV
aim1_biomni,group_importance,total_hip_bmd_change,TabPFN-3 (v3_default ckpt),Muscle_size_VSI,LOOCV,38,,50.0,,,,,,,,,,,,,,,,0.7450980392156863,,,-0.4803682166754991,19.0,13.0,-0.008482812532989,0.0059534322334389,0.0300524561467805,,,,Biomni A10G; tabpfn 8.2.0; torch 2.13.0+cu130; n_est=32; seed=42,tfm_group_importance.csv,drop in LOOCV Spearman when the group's columns are jointly shuffled inside LOOCV
aim1_biomni,group_importance,total_hip_bmd_change,TabPFN-3 (v3_default ckpt),Balance_mobility_FTT,LOOCV,38,,50.0,,,,,,,,,,,,,,,,0.6470588235294118,,,-0.2464724133677201,59.0,14.0,-0.0161924520486483,0.0082287699701521,0.0990829833037712,,,,Biomni A10G; tabpfn 8.2.0; torch 2.13.0+cu130; n_est=32; seed=42,tfm_group_importance.csv,drop in LOOCV Spearman when the group's columns are jointly shuffled inside LOOCV
aim1_biomni,group_importance,total_hip_bmd_change,TabPFN-3 (v3_default ckpt),DXA_soft_tissue,LOOCV,38,,50.0,,,,,,,,,,,,,,,,0.7058823529411765,,,-0.1544151674870414,110.0,15.0,-0.0178934326867737,-0.0018622424388827,0.1038187537443947,,,,Biomni A10G; tabpfn 8.2.0; torch 2.13.0+cu130; n_est=32; seed=42,tfm_group_importance.csv,drop in LOOCV Spearman when the group's columns are jointly shuffled inside LOOCV
aim1_biomni,group_importance,total_hip_bmd_change,TabPFN-3 (v3_default ckpt),Muscle_function,LOOCV,38,,50.0,,,,,,,,,,,,,,,,0.7647058823529411,,,-0.2501738205477444,47.0,16.0,-0.0362949504992213,-0.0143876453196243,0.0875683360128637,,,,Biomni A10G; tabpfn 8.2.0; torch 2.13.0+cu130; n_est=32; seed=42,tfm_group_importance.csv,drop in LOOCV Spearman when the group's columns are jointly shuffled inside LOOCV
aim1_biomni,arm_aware_observed,total_hip_bmd_change,TabPFN-3 (v3_default ckpt),within_arm_ranks,LOOCV,38,628.0,,0.637,,,,,,,,,,,,,,,,,,,,,,,,,,,Biomni A10G; tabpfn 8.2.0; torch 2.13.0+cu130; n_est=32; seed=42,README_tfm_c11_totalhipBMD.md section 13 / sess_f776 transcript (LOOCV predictions; artifacts not persisted),"OBSERVED ONLY, prose-sourced (2-3 sig figs); permutation nulls started on gpu-1 but paused, never completed; LOOCV prediction artifacts not persisted"
aim1_biomni,arm_aware_observed,total_hip_bmd_change,TabPFN-3 (v3_default ckpt),control_only,LOOCV,11,628.0,,-0.443,,,,,,,,,,,,,,,,,,,,,,,,,,,Biomni A10G; tabpfn 8.2.0; torch 2.13.0+cu130; n_est=32; seed=42,README_tfm_c11_totalhipBMD.md section 13 / sess_f776 transcript (LOOCV predictions; artifacts not persisted),"OBSERVED ONLY, prose-sourced (2-3 sig figs); permutation nulls started on gpu-1 but paused, never completed; LOOCV prediction artifacts not persisted"
aim1_biomni,arm_aware_observed,total_hip_bmd_change,TabPFN-3 (v3_default ckpt),within_arm_ranks_recomputed_10x5,10x5 repeated CV (OOF),38,628.0,,0.5120003602585582,,,,,,,,,,,,,,,,,,,,,,,,,,,Biomni A10G; tabpfn 8.2.0; torch 2.13.0+cu130; n_est=32; seed=42,recomputed: tfm_oof_predictions_everything.csv + c11_subject_arm_map.csv,Recomputation under the 10x5 OOF scheme - NOT the same quantity as the LOOCV prose values; CONTROL-only flips sign between schemes at n=11 (scheme-sensitive)
aim1_biomni,arm_aware_observed,total_hip_bmd_change,TabPFN-3 (v3_default ckpt),control_only_recomputed_10x5,10x5 repeated CV (OOF),11,628.0,,0.40495818403928957,,,,,,,,,,,,,,,,,,,,,,,,,,,Biomni A10G; tabpfn 8.2.0; torch 2.13.0+cu130; n_est=32; seed=42,recomputed: tfm_oof_predictions_everything.csv + c11_subject_arm_map.csv,Recomputation under the 10x5 OOF scheme - NOT the same quantity as the LOOCV prose values; CONTROL-only flips sign between schemes at n=11 (scheme-sensitive)
aim1_biomni,arm_aware_observed,total_hip_bmd_change,TabPFN-3 (v3_default ckpt),exercise_only_recomputed_10x5,10x5 repeated CV (OOF),19,628.0,,0.5015895038678954,,,,,,,,,,,,,,,,,,,,,,,,,,,Biomni A10G; tabpfn 8.2.0; torch 2.13.0+cu130; n_est=32; seed=42,recomputed: tfm_oof_predictions_everything.csv + c11_subject_arm_map.csv,Recomputation under the 10x5 OOF scheme - NOT the same quantity as the LOOCV prose values; CONTROL-only flips sign between schemes at n=11 (scheme-sensitive)
aim1_biomni,target_by_arm,total_hip_bmd_change,n/a (descriptive),CONTROL,n/a,11,,,,,,,,,,,,,,,,,,,,,,,,,,,-0.013181818181818183,0.021008656224605047,10.0,n/a,recomputed: tfm_oof_predictions_everything.csv + c11_subject_arm_map.csv,target = post-pre total hip BMD change (g/cm2)
aim1_biomni,target_by_arm,total_hip_bmd_change,n/a (descriptive),EXERCISE,n/a,19,,,,,,,,,,,,,,,,,,,,,,,,,,,-0.0013157894736842105,0.016485861388808115,7.0,n/a,recomputed: tfm_oof_predictions_everything.csv + c11_subject_arm_map.csv,target = post-pre total hip BMD change (g/cm2)
aim1_biomni,target_by_arm,total_hip_bmd_change,n/a (descriptive),FLY,n/a,8,,,,,,,,,,,,,,,,,,,,,,,,,,,-0.005625,0.010155048005794951,5.0,n/a,recomputed: tfm_oof_predictions_everything.csv + c11_subject_arm_map.csv,target = post-pre total hip BMD change (g/cm2)
colab_local,endpoint_run,total_fat_pct_change,TabPFN (8.2.0 default),features_all_min_cov_0.8,5-fold,38,226.0,0.0,-0.3200568990042674,-0.23475990983263342,-0.09337414967953972,12.217901861741868,8.05196816235603,,-0.28218397097274556,-0.083763439653046,12.164085934509748,7.86750139535607,-0.02344667737953543,False,,,,,,,,,,,,,,,,Colab Tesla T4; tabpfn 8.2.0; torch 2.11.0+cu128; default estimators; seed=42,20260728.zip:summary_c11_totalfat_pct_change_features_all_5_seed42.json,"Timepoint provenance not verifiable in the feature table; baseline status asserted by upstream construction, not checked here. | n=38; Cromwell Table 3 gives 37 completers. Cohort cut unresolved. | 3 IQR outliers in the outcome (subjects 5188, 6187, 6791) not yet verified against the raw archive."
colab_local,endpoint_run,twp_abs_change,TabPFN (8.2.0 default),features_all_min_cov_0.8,5-fold,35,235.0,0.0,-0.315406162464986,-0.48930428956275296,-0.1869441752286145,0.8765830891479244,0.7544291982704886,,-0.22204441332444153,-0.03313619797963385,0.8178181230577052,0.6883355979020408,-0.09601944250724892,False,,,,,,,,,,,,,,,,Colab Tesla T4; tabpfn 8.2.0; torch 2.11.0+cu128; default estimators; seed=42,20260728.zip:summary_c11_twp_change_features_all_5_seed42.json,"Timepoint provenance not verifiable in the feature table; baseline status asserted by upstream construction, not checked here. | n=38; Cromwell Table 3 gives 37 completers. Cohort cut unresolved. | 3 IQR outliers in the outcome (subjects 5188, 6187, 6791) not yet verified against the raw archive."
colab_local,endpoint_run,twp_abs_change,TabPFN (8.2.0 default),features_all_min_cov_0.8,LOOCV,35,235.0,20.0,-0.42997198879551823,-0.602489480241676,-0.16453697895447883,0.8682695750025606,0.737887776857067,,-1.0,-0.059688581314879086,0.8282607258131114,0.7038151115428573,-0.04841138639310816,False,,,,,,0.8095238095238095,,,,,,,,,,Colab Tesla T4; tabpfn 8.2.0; torch 2.11.0+cu128; default estimators; seed=42,20260728.zip:summary_c11_twp_change_features_all_loo_seed42.json,"Timepoint provenance not verifiable in the feature table; baseline status asserted by upstream construction, not checked here. | n=38; Cromwell Table 3 gives 37 completers. Cohort cut unresolved. | 3 IQR outliers in the outcome (subjects 5188, 6187, 6791) not yet verified against the raw archive."
colab_local,endpoint_run,poscontrol_change,TabPFN (8.2.0 default),features_all_min_cov_0.8,5-fold,38,226.0,0.0,0.7899113688587373,0.7866117321901422,0.6186209644037188,6.357971807381379,5.207510914854839,,-0.179561466293698,-0.0179888845532592,10.387516046958453,8.64400842427874,0.39755832488220233,True,,,,,,,,,,,,,,,,Colab Tesla T4; tabpfn 8.2.0; torch 2.11.0+cu128; default estimators; seed=42,20260728.zip:summary_c11_poscontrol_features_all_5_seed42.json,"Timepoint provenance not verifiable in the feature table; baseline status asserted by upstream construction, not checked here. | n=38; Cromwell Table 3 gives 37 completers. Cohort cut unresolved. | 3 IQR outliers in the outcome (subjects 5188, 6187, 6791) not yet verified against the raw archive."
colab_local,endpoint_run,negcontrol_change,TabPFN (8.2.0 default),features_all_min_cov_0.8,5-fold,38,226.0,0.0,0.10143341722289091,0.06825646182783103,-0.05854573626330062,9.094471852925738,7.788560484909252,,-0.23226856336498247,-0.040563182714270285,9.016892611060518,7.6120475507379295,-0.023188627369282733,False,,,,,,,,,,,,,,,,Colab Tesla T4; tabpfn 8.2.0; torch 2.11.0+cu128; default estimators; seed=42,20260728.zip:summary_c11_negcontrol_features_all_5_seed42.json,"Timepoint provenance not verifiable in the feature table; baseline status asserted by upstream construction, not checked here. | n=38; Cromwell Table 3 gives 37 completers. Cohort cut unresolved. | 3 IQR outliers in the outcome (subjects 5188, 6187, 6791) not yet verified against the raw archive."
matrix_9endpoint,endpoint_benchmark,total_hip_bmd,XGBoost,sparse,LOOCV,54,8.0,200.0,0.194535721648103,,,0.0221076542735086,0.0177884107896997,,,,0.020271360579571,,,,-0.0297792672608025,0.1733748400487811,,,,0.1044776119402985,,,,,,,,,,Biomni (sess_91ed); TabICL 2.1.1 / XGBoost 3.2.0; 200-shuffle LOOCV nulls,tfm_modeling/metrics_sparse.csv,sparse framing = 8 leakage-guarded Pre features
matrix_9endpoint,endpoint_benchmark,total_hip_bmd,TabICL,sparse,LOOCV,54,8.0,200.0,0.303251349536578,,,0.0201369873536374,0.0161833580552692,,,,0.020271360579571,,,,-0.0726721424900199,0.1903463631760232,,,,0.0298507462686567,,,,,,,,,,Biomni (sess_91ed); TabICL 2.1.1 / XGBoost 3.2.0; 200-shuffle LOOCV nulls,tfm_modeling/metrics_sparse.csv,sparse framing = 8 leakage-guarded Pre features
matrix_9endpoint,endpoint_benchmark,spine_bmd_l14,XGBoost,sparse,LOOCV,63,8.0,200.0,-0.2692929363571745,,,0.038353997604174,0.0298356129556468,,,,0.0303532318210449,,,,-0.0292863578689374,0.137303086845854,,,,0.9552238805970148,,,,,,,,,,Biomni (sess_91ed); TabICL 2.1.1 / XGBoost 3.2.0; 200-shuffle LOOCV nulls,tfm_modeling/metrics_sparse.csv,sparse framing = 8 leakage-guarded Pre features
matrix_9endpoint,endpoint_benchmark,spine_bmd_l14,TabICL,sparse,LOOCV,63,8.0,200.0,-0.292509087764674,,,0.0355080354486081,0.026316526161611,,,,0.0303532318210449,,,,-0.0657468910553206,0.1730154421133011,,,,0.9104477611940298,,,,,,,,,,Biomni (sess_91ed); TabICL 2.1.1 / XGBoost 3.2.0; 200-shuffle LOOCV nulls,tfm_modeling/metrics_sparse.csv,sparse framing = 8 leakage-guarded Pre features
matrix_9endpoint,endpoint_benchmark,vo2peak_rel,XGBoost,sparse,LOOCV,51,8.0,200.0,-0.0990950226244344,,,5.807147499754714,4.734142181240112,,,,4.567263058045566,,,,-0.0552945701357466,0.183982018748863,,,,0.6069651741293532,,,,,,,,,,Biomni (sess_91ed); TabICL 2.1.1 / XGBoost 3.2.0; 200-shuffle LOOCV nulls,tfm_modeling/metrics_sparse.csv,sparse framing = 8 leakage-guarded Pre features
matrix_9endpoint,endpoint_benchmark,vo2peak_rel,TabICL,sparse,LOOCV,51,8.0,200.0,-0.2294117647058823,,,5.063711572893545,4.009414214216556,,,,4.567263058045566,,,,-0.0499149321266968,0.1936337318858342,,,,0.8109452736318408,,,,,,,,,,Biomni (sess_91ed); TabICL 2.1.1 / XGBoost 3.2.0; 200-shuffle LOOCV nulls,tfm_modeling/metrics_sparse.csv,sparse framing = 8 leakage-guarded Pre features
matrix_9endpoint,endpoint_benchmark,plasma_volume,XGBoost,sparse,LOOCV,55,8.0,200.0,0.0688311688311688,,,0.3715556907281326,0.2652447850193174,,,,0.3088312235248803,,,,-0.0350775613275613,0.1743889053586466,,,,0.2786069651741293,,,,,,,,,,Biomni (sess_91ed); TabICL 2.1.1 / XGBoost 3.2.0; 200-shuffle LOOCV nulls,tfm_modeling/metrics_sparse.csv,sparse framing = 8 leakage-guarded Pre features
matrix_9endpoint,endpoint_benchmark,plasma_volume,TabICL,sparse,LOOCV,55,8.0,200.0,0.1542568542568543,,,0.3440738858818834,0.228653762168747,,,,0.3088312235248803,,,,-0.0616551226551226,0.1914090428190994,,,,0.1293532338308457,,,,,,,,,,Biomni (sess_91ed); TabICL 2.1.1 / XGBoost 3.2.0; 200-shuffle LOOCV nulls,tfm_modeling/metrics_sparse.csv,sparse framing = 8 leakage-guarded Pre features
matrix_9endpoint,endpoint_benchmark,lv_mass,XGBoost,sparse,LOOCV,36,8.0,200.0,-0.1912483912483912,,,16.341737940590725,12.942933799240503,,,,12.942996685365236,,,,-0.0219626769626769,0.2323094633995024,,,,0.7711442786069652,,,,,,,,,,Biomni (sess_91ed); TabICL 2.1.1 / XGBoost 3.2.0; 200-shuffle LOOCV nulls,tfm_modeling/metrics_sparse.csv,sparse framing = 8 leakage-guarded Pre features
matrix_9endpoint,endpoint_benchmark,lv_mass,TabICL,sparse,LOOCV,36,8.0,200.0,-0.0064350064350064,,,14.760102821498329,11.686876781288454,,,,12.942996685365236,,,,-0.0646010296010296,0.2486055016342616,,,,0.4228855721393035,,,,,,,,,,Biomni (sess_91ed); TabICL 2.1.1 / XGBoost 3.2.0; 200-shuffle LOOCV nulls,tfm_modeling/metrics_sparse.csv,sparse framing = 8 leakage-guarded Pre features
matrix_9endpoint,endpoint_benchmark,jump_max_power,XGBoost,sparse,LOOCV,36,8.0,200.0,-0.1088803088803088,,,411.6027575042745,332.3862680448425,,,,363.7948745654727,,,,-0.0246383526383526,0.2095694411777429,,,,0.6368159203980099,,,,,,,,,,Biomni (sess_91ed); TabICL 2.1.1 / XGBoost 3.2.0; 200-shuffle LOOCV nulls,tfm_modeling/metrics_sparse.csv,sparse framing = 8 leakage-guarded Pre features
matrix_9endpoint,endpoint_benchmark,jump_max_power,TabICL,sparse,LOOCV,36,8.0,200.0,-0.2826254826254826,,,429.43089911332015,324.1264960670471,,,,363.7948745654727,,,,-0.1004916344916345,0.2441478473011333,,,,0.746268656716418,,,,,,,,,,Biomni (sess_91ed); TabICL 2.1.1 / XGBoost 3.2.0; 200-shuffle LOOCV nulls,tfm_modeling/metrics_sparse.csv,sparse framing = 8 leakage-guarded Pre features
matrix_9endpoint,endpoint_benchmark,mri_quadriceps,XGBoost,sparse,LOOCV,26,8.0,200.0,-0.4748717948717948,,,8.00705123286383,5.662540981650162,,,,5.138680488515571,,,,-0.0356376068376068,0.2523736282408023,,,,0.9601990049751244,,,,,,,,,,Biomni (sess_91ed); TabICL 2.1.1 / XGBoost 3.2.0; 200-shuffle LOOCV nulls,tfm_modeling/metrics_sparse.csv,sparse framing = 8 leakage-guarded Pre features
matrix_9endpoint,endpoint_benchmark,mri_quadriceps,TabICL,sparse,LOOCV,26,8.0,200.0,-0.4529914529914529,,,6.974252710251664,4.955463053568815,,,,5.138680488515571,,,,-0.1036957264957264,0.2714990690295128,,,,0.8905472636815921,,,,,,,,,,Biomni (sess_91ed); TabICL 2.1.1 / XGBoost 3.2.0; 200-shuffle LOOCV nulls,tfm_modeling/metrics_sparse.csv,sparse framing = 8 leakage-guarded Pre features
matrix_9endpoint,endpoint_benchmark,ogtt_glucose,XGBoost,sparse,LOOCV,24,8.0,200.0,-0.2713043478260869,,,3179.33306443261,2723.472301250393,,,,2405.8898736111696,,,,-0.0625695652173913,0.2802481522226268,,,,0.7562189054726368,,,,,,,,,,Biomni (sess_91ed); TabICL 2.1.1 / XGBoost 3.2.0; 200-shuffle LOOCV nulls,tfm_modeling/metrics_sparse.csv,sparse framing = 8 leakage-guarded Pre features
matrix_9endpoint,endpoint_benchmark,ogtt_glucose,TabICL,sparse,LOOCV,24,8.0,200.0,-0.2356521739130434,,,2750.056252231694,2226.951637116861,,,,2405.8898736111696,,,,-0.1249086956521739,0.289857000105909,,,,0.6616915422885572,,,,,,,,,,Biomni (sess_91ed); TabICL 2.1.1 / XGBoost 3.2.0; 200-shuffle LOOCV nulls,tfm_modeling/metrics_sparse.csv,sparse framing = 8 leakage-guarded Pre features
matrix_9endpoint,endpoint_benchmark,ftt_egress_time,XGBoost,sparse,LOOCV,35,8.0,200.0,-0.1481792717086834,,,2.7673358087122493,1.7147416956015995,,,,2.0044856715669,,,,-0.0333193277310924,0.216469699744017,,,,0.6915422885572139,,,,,,,,,,Biomni (sess_91ed); TabICL 2.1.1 / XGBoost 3.2.0; 200-shuffle LOOCV nulls,tfm_modeling/metrics_sparse.csv,sparse framing = 8 leakage-guarded Pre features
matrix_9endpoint,endpoint_benchmark,ftt_egress_time,TabICL,sparse,LOOCV,35,8.0,200.0,-0.099719887955182,,,2.330141289512863,1.613847914194493,,,,2.0044856715669,,,,-0.0627072829131652,0.2265804751127687,,,,0.5323383084577115,,,,,,,,,,Biomni (sess_91ed); TabICL 2.1.1 / XGBoost 3.2.0; 200-shuffle LOOCV nulls,tfm_modeling/metrics_sparse.csv,sparse framing = 8 leakage-guarded Pre features
matrix_9endpoint,endpoint_benchmark,total_hip_bmd,XGBoost,rich,LOOCV,38,628.0,200.0,0.1324924385961021,,,0.0174664814312007,,,,,0.017020539164862,,,,-0.0341670227319161,0.2648177292003754,,,,0.2686567164179104,,,,,,,,,,Biomni (sess_91ed); TabICL 2.1.1 / XGBoost 3.2.0; 200-shuffle LOOCV nulls,tfm_modeling/metrics_rich.csv,rich framing uses top_k=100 features
matrix_9endpoint,endpoint_benchmark,total_hip_bmd,TabICL,rich,LOOCV,38,628.0,200.0,0.2380912173280411,,,0.0181988723887081,,,,,0.017020539164862,,,,-0.0296181522634633,0.2290352565466972,,,,0.1343283582089552,,,,,,,,,,Biomni (sess_91ed); TabICL 2.1.1 / XGBoost 3.2.0; 200-shuffle LOOCV nulls,tfm_modeling/metrics_rich.csv,rich framing uses top_k=100 features
matrix_9endpoint,endpoint_benchmark,spine_bmd_l14,XGBoost,rich,LOOCV,38,627.0,200.0,0.1153442471812894,,,0.0387833180805669,,,,,0.0353768786880127,,,,-0.04879072661899,0.2443973705788807,,,,0.2686567164179104,,,,,,,,,,Biomni (sess_91ed); TabICL 2.1.1 / XGBoost 3.2.0; 200-shuffle LOOCV nulls,tfm_modeling/metrics_rich.csv,rich framing uses top_k=100 features
matrix_9endpoint,endpoint_benchmark,spine_bmd_l14,TabICL,rich,LOOCV,38,627.0,200.0,-0.1206271898002798,,,0.0487729323094548,,,,,0.0353768786880127,,,,-0.0659085613175644,0.2307557256106699,,,,0.582089552238806,,,,,,,,,,Biomni (sess_91ed); TabICL 2.1.1 / XGBoost 3.2.0; 200-shuffle LOOCV nulls,tfm_modeling/metrics_rich.csv,rich framing uses top_k=100 features
matrix_9endpoint,endpoint_benchmark,vo2peak_rel,XGBoost,rich,LOOCV,37,618.0,200.0,-0.0945945945945945,,,5.180986362956049,,,,,4.722248243618543,,,,-0.0395317686107159,0.2404634014918149,,,,0.5671641791044776,,,,,,,,,,Biomni (sess_91ed); TabICL 2.1.1 / XGBoost 3.2.0; 200-shuffle LOOCV nulls,tfm_modeling/metrics_rich.csv,rich framing uses top_k=100 features
matrix_9endpoint,endpoint_benchmark,vo2peak_rel,TabICL,rich,LOOCV,37,618.0,200.0,0.1107159791370317,,,5.523114333368577,,,,,4.722248243618543,,,,-0.0381602655286865,0.2481533099246616,,,,0.263681592039801,,,,,,,,,,Biomni (sess_91ed); TabICL 2.1.1 / XGBoost 3.2.0; 200-shuffle LOOCV nulls,tfm_modeling/metrics_rich.csv,rich framing uses top_k=100 features
matrix_9endpoint,endpoint_benchmark,plasma_volume,XGBoost,rich,LOOCV,36,598.0,200.0,0.1281853281853282,,,0.3512077881532226,,,,,0.3240930239640653,,,,-0.0737425997425997,0.2480215986219575,,,,0.2338308457711442,,,,,,,,,,Biomni (sess_91ed); TabICL 2.1.1 / XGBoost 3.2.0; 200-shuffle LOOCV nulls,tfm_modeling/metrics_rich.csv,rich framing uses top_k=100 features
matrix_9endpoint,endpoint_benchmark,plasma_volume,TabICL,rich,LOOCV,36,598.0,200.0,0.1039897039897039,,,0.4001721835955267,,,,,0.3240930239640653,,,,-0.0168918918918918,0.2499642624552876,,,,0.3383084577114428,,,,,,,,,,Biomni (sess_91ed); TabICL 2.1.1 / XGBoost 3.2.0; 200-shuffle LOOCV nulls,tfm_modeling/metrics_rich.csv,rich framing uses top_k=100 features
matrix_9endpoint,endpoint_benchmark,lv_mass,XGBoost,rich,LOOCV,36,628.0,200.0,-0.1891891891891892,,,16.571335340156566,,,,,12.942996685365236,,,,-0.0453063063063063,0.2468642368257686,,,,0.7213930348258707,,,,,,,,,,Biomni (sess_91ed); TabICL 2.1.1 / XGBoost 3.2.0; 200-shuffle LOOCV nulls,tfm_modeling/metrics_rich.csv,rich framing uses top_k=100 features
matrix_9endpoint,endpoint_benchmark,lv_mass,TabICL,rich,LOOCV,36,628.0,200.0,-0.155984555984556,,,17.195363227645867,,,,,12.942996685365236,,,,-0.0231595881595881,0.2508143894486112,,,,0.6766169154228856,,,,,,,,,,Biomni (sess_91ed); TabICL 2.1.1 / XGBoost 3.2.0; 200-shuffle LOOCV nulls,tfm_modeling/metrics_rich.csv,rich framing uses top_k=100 features
matrix_9endpoint,endpoint_benchmark,jump_max_power,XGBoost,rich,LOOCV,36,603.0,200.0,-0.0718146718146718,,,416.3667617443481,,,,,363.7948745654727,,,,-0.0692702702702702,0.2609276352529011,,,,0.4776119402985074,,,,,,,,,,Biomni (sess_91ed); TabICL 2.1.1 / XGBoost 3.2.0; 200-shuffle LOOCV nulls,tfm_modeling/metrics_rich.csv,rich framing uses top_k=100 features
matrix_9endpoint,endpoint_benchmark,jump_max_power,TabICL,rich,LOOCV,36,603.0,200.0,0.0805662805662805,,,453.09104458844286,,,,,363.7948745654727,,,,-0.0436628056628056,0.2727062207629277,,,,0.3532338308457711,,,,,,,,,,Biomni (sess_91ed); TabICL 2.1.1 / XGBoost 3.2.0; 200-shuffle LOOCV nulls,tfm_modeling/metrics_rich.csv,rich framing uses top_k=100 features
matrix_9endpoint,endpoint_benchmark,mri_quadriceps,XGBoost,rich,LOOCV,26,623.0,200.0,0.1562393162393162,,,5.168782597510425,,,,,5.138680488515571,,,,-0.0407760683760683,0.2984368474724364,,,,0.263681592039801,,,,,,,,,,Biomni (sess_91ed); TabICL 2.1.1 / XGBoost 3.2.0; 200-shuffle LOOCV nulls,tfm_modeling/metrics_rich.csv,rich framing uses top_k=100 features
matrix_9endpoint,endpoint_benchmark,mri_quadriceps,TabICL,rich,LOOCV,26,623.0,200.0,0.1329914529914529,,,5.887672940591198,,,,,5.138680488515571,,,,-0.0517333333333333,0.2631053577209152,,,,0.2587064676616915,,,,,,,,,,Biomni (sess_91ed); TabICL 2.1.1 / XGBoost 3.2.0; 200-shuffle LOOCV nulls,tfm_modeling/metrics_rich.csv,rich framing uses top_k=100 features
matrix_9endpoint,endpoint_benchmark,ogtt_glucose,XGBoost,rich,LOOCV,24,628.0,200.0,-0.1930434782608695,,,2996.3622461043915,,,,,2405.8898736111696,,,,-0.1096,0.3044352525361796,,,,0.5771144278606966,,,,,,,,,,Biomni (sess_91ed); TabICL 2.1.1 / XGBoost 3.2.0; 200-shuffle LOOCV nulls,tfm_modeling/metrics_rich.csv,rich framing uses top_k=100 features
matrix_9endpoint,endpoint_benchmark,ogtt_glucose,TabICL,rich,LOOCV,24,628.0,200.0,0.0034782608695652,,,3334.131703448352,,,,,2405.8898736111696,,,,-0.0471304347826086,0.293220846851576,,,,0.4378109452736318,,,,,,,,,,Biomni (sess_91ed); TabICL 2.1.1 / XGBoost 3.2.0; 200-shuffle LOOCV nulls,tfm_modeling/metrics_rich.csv,rich framing uses top_k=100 features
matrix_9endpoint,endpoint_benchmark,ftt_egress_time,XGBoost,rich,LOOCV,35,487.0,200.0,0.0310924369747899,,,2.2148372613770952,,,,,2.0044856715669,,,,-0.0332899159663865,0.2425954914626626,,,,0.3781094527363184,,,,,,,,,,Biomni (sess_91ed); TabICL 2.1.1 / XGBoost 3.2.0; 200-shuffle LOOCV nulls,tfm_modeling/metrics_rich.csv,rich framing uses top_k=100 features
