{
    "name": "expr1",
    "short_name": "expr1",
    "verbose": 1,
    "test_val_split": [
        0.1,
        0.1
    ],
    "data_options": {
        "dataset_fp": "data/expr1.pkl",
        "subject_keys": "sample",
        "targets": [
            "threshold"
        ],
        "predictors": "All",
        "environments": [
            "env"
        ],
        "exclude": [
            "sample",
            "env"
        ],
        "output_data_regime": "binary"
    },
    "feature_selection_options": {
        "max_features": 20,
        "verbose": 0,
        "seed": 23
    },
    "ensemble_options": {
        "models": [
            "ICP",
            "NLICP",
            "LIRM",
            "IRM",
            "RF",
            "ERM"
        ],
        "LIRM": {
            "seed": 23,
            "batch_size": 8
        },
        "IRM": {
            "seed": 23,
            "batch_size": 8
        },
        "ICP": {
            "seed": 23,
            "batch_size": 8
        },
        "NLICP": {
            "seed": 23,
            "batch_size": 8
        }
    },
    "use_cloud": false,
    "results_directory": "/data/jcasalet/NASA/crispv1.1/results/expr1/"
}